Song,Artist,Endurance_Score,Predicted_Endurance_Score,Entry_Position,Peak_Position,Total_Weeks,danceability,energy,key,loudness,speechiness,acousticness,instrumentalness,liveness,valence,tempo,duration_ms,time_signature,Movies_TV_feature_count,Oscars_won,Artist_lifetime_grammy_achievement,Artist_grammy_wins,Artist_grammy_nominations,artist popularity,TopSongsArtist,TopSongsArtist10,TopSongsArtist100,Entry_Year,days_before_charting,Age_Percentage_15_30
Lonely Street,ANDY WILLIAMS,0.617797946,0.729809378,111,5,17,0.285,0.155,9.0,-13.249,0.0307,0.925,0.0285,0.258,0.256,99.93700000000001,162067.0,3.0,0,0,0,1,4,68.0,0,3,16,1959,0,19.6
An Open Letter To My Teenage Son,VICTOR LUNDBERG,0.424313939,0.389675363,84,10,6,0.5589999999999999,0.359,0.0,-16.771,0.505,0.88,0.0,0.152,0.713,92.63600000000001,263893.0,3.0,0,0,0,0,1,3.0,0,1,0,1967,0,22.5
When Will I Be Loved,EVERLY BROTHERS,0.609495266,0.567007953,96,8,13,0.716,0.163,9.0,-15.363,0.053,0.841,0.0,0.129,0.511,109.821,99067.0,4.0,0,0,1,0,4,63.0,1,4,7,1960,0,19.6
Tom Cat,THE ROOFTOP SINGERS,0.457409135,0.533828943,96,20,10,0.675,0.5589999999999999,8.0,-10.136000000000001,0.0434,0.759,0.00227,0.0721,0.924,142.763,129000.0,4.0,0,0,0,0,0,29.0,1,0,2,1963,82,20.8
Midnight Mary,JOEY POWERS,0.45852809200000005,0.454162455,102,10,14,0.585,0.359,4.0,-11.057,0.0304,0.8320000000000001,0.0,0.218,0.6459999999999999,121.555,143333.0,4.0,0,0,0,0,0,4.0,0,1,0,1963,0,20.8
Yellow Bird,ARTHUR LYMAN GROUP,0.647539085,0.39416790700000004,71,4,12,0.561,0.0335,2.0,-29.467,0.0513,0.9540000000000001,0.86,0.0949,0.703,119.319,164920.0,4.0,0,0,0,0,0,57.77835159,0,1,0,1961,0,19.9
Sweet Dreams (Are Made Of This),THE EURYTHMICS,0.43018304399999996,0.775495832,90,1,26,0.757,0.506,0.0,-13.202,0.0324,0.536,0.000775,0.161,0.706,128.034,286370.0,4.0,0,0,0,0,0,42.0,1,0,1,1983,0,26.8
Hopeless,ANDY WILLIAMS,0.5232631529999999,0.6788643659999999,113,13,12,0.311,0.317,0.0,-11.22,0.0309,0.8759999999999999,0.0,0.47200000000000003,0.428,83.461,157840.0,4.0,0,0,0,1,4,68.0,0,3,16,1963,0,20.8
Up In A Puff Of Smoke,POLLY BROWN,0.333685317,0.480878579,110,16,14,0.5539999999999999,0.517,5.0,-14.267999999999999,0.0618,0.0355,3.62e-06,0.24,0.512,138.514,191653.0,4.0,0,0,0,0,0,5.0,0,0,1,1974,0,26.2
Let A Man Come In And Do The Popcorn,JAMES BROWN,0.555782703,0.61379033,78,21,8,0.637,0.7020000000000001,1.0,-3.2760000000000002,0.0632,0.284,0.00043,0.0638,0.9179999999999999,98.711,430120.0,4.0,0,0,1,0,4,59.0,0,3,47,1969,0,23.5
Hi-Heel Sneakers,JOSE FELICIANO,0.370861657,0.651658837,125,25,9,0.589,0.44799999999999995,10.0,-11.832,0.0552,0.725,0.0,0.17600000000000002,0.6809999999999999,88.631,220827.0,4.0,0,0,0,7,16,66.0,0,0,6,1968,0,23.1
Fairytale,THE POINTER SISTERS,0.508178379,0.777790543,108,13,18,0.39399999999999996,0.5379999999999999,8.0,-5.577000000000001,0.0281,0.451,3.06e-05,0.0758,0.7070000000000001,128.991,182467.0,4.0,0,0,0,0,0,67.0,0,0,6,1974,83,26.2
Don't Play That Song,ARETHA FRANKLIN,0.551829941,0.695321082,59,11,10,0.56,0.7070000000000001,0.0,-7.553,0.0418,0.085,0.000155,0.19899999999999998,0.6659999999999999,109.189,176480.0,4.0,0,0,1,18,44,75.0,0,12,28,1970,0,24.0
I've Had It,BELL NOTES,0.6196703729999999,0.612609897,88,6,16,0.542,0.7809999999999999,4.0,-12.592,0.109,0.816,0.0283,0.263,0.935,147.183,162560.0,4.0,0,0,0,0,0,21.0,0,1,0,1959,0,19.6
Poor Jenny,EVERLY BROTHERS,0.566692656,0.617240189,69,22,12,0.631,0.498,10.0,-14.539000000000001,0.0423,0.526,1.21e-06,0.0971,0.8759999999999999,143.292,134133.0,4.0,0,0,1,0,4,63.0,1,4,7,1959,0,19.6
The Rockford Files,MIKE POST,0.621364326,0.6778198040000001,93,10,16,0.489,0.562,2.0,-11.494000000000002,0.0301,0.0671,0.92,0.191,0.23,111.921,186600.0,4.0,0,0,0,5,10,57.77835159,0,1,0,1975,0,26.7
I Know A Heartache When I See One,JENNIFER WARNES,0.628549105,0.758686207,89,19,22,0.6779999999999999,0.409,11.0,-11.645999999999999,0.0272,0.52,0.0,0.0835,0.774,96.902,208733.0,4.0,0,0,0,2,2,65.0,0,1,5,1979,0,27.4
Slow Twistin',CHUBBY CHECKER with DEE DEE SHARP,0.483672347,0.693320387,60,3,14,0.589,0.586,9.0,-9.62,0.0293,0.000334,0.0,0.381,0.657,116.03399999999999,292027.0,4.0,0,0,0,1,1,56.0,0,1,0,1962,0,20.2
Smokey Places,"THE CORSAIRS featuring JAY ""BIRD"" UZZELL",0.509154961,0.611432737,117,12,16,0.6579999999999999,0.654,6.0,-6.388,0.0576,0.0533,0.000493,0.0927,0.8009999999999999,166.752,198333.0,4.0,0,0,0,0,0,57.77835159,0,0,1,1961,0,19.9
Try It Baby,MARVIN GAYE,0.578085846,0.6798213879999999,100,15,11,0.664,0.40399999999999997,10.0,-12.005,0.0358,0.764,8.66e-05,0.105,0.741,108.66,170533.0,4.0,0,0,1,2,12,78.0,2,9,17,1964,0,21.2
Wade In The Water,RAMSEY LEWIS,0.6258944129999999,0.686299957,100,19,13,0.655,0.634,0.0,-12.475,0.0277,0.20800000000000002,0.263,0.0568,0.8320000000000001,134.80200000000002,230333.0,4.0,1,0,0,3,4,44.0,0,1,7,1966,0,22.1
Tiger,FABIAN,0.33905092600000003,0.5668112710000001,115,3,14,0.425,0.379,7.0,-13.892000000000001,0.0942,0.941,0.0185,0.39299999999999996,0.903,159.188,132366.0,4.0,0,0,0,0,0,23.0,0,2,5,1959,0,19.6
Help Is On The Way,THE LITTLE RIVER BAND,0.31560711199999997,0.7335388509999999,84,14,22,0.547,0.6609999999999999,11.0,-10.044,0.0271,0.00396,0.0614,0.14,0.47200000000000003,108.065,247302.0,4.0,0,0,0,0,0,57.77835159,0,3,5,1977,0,27.3
"Run, Run Away",SLADE,0.332015607,0.75574213,67,20,17,0.327,0.373,2.0,-6.294,0.033,0.6729999999999999,0.0,0.302,0.22399999999999998,119.37899999999999,353909.0,4.0,0,0,0,0,0,57.77835159,0,0,2,1984,85,26.6
Jimmy's Girl,JOHNNY TILLOTSON,0.524742214,0.566826379,95,25,11,0.586,0.348,1.0,-11.100999999999999,0.0275,0.858,0.0,0.13,0.526,108.566,164960.0,4.0,0,0,0,0,1,49.0,0,3,16,1961,0,19.9
C'est Si Bon (It's So Good),CONWAY TWITTY,0.5394115270000001,0.5776774060000001,114,22,12,0.597,0.627,0.0,-8.57,0.0475,0.718,0.0,0.379,0.851,120.991,134013.0,4.0,0,0,0,1,7,57.77835159,0,2,9,1960,0,19.6
Finally Got Myself Together,IMPRESSIONS,0.645586229,0.70913335,99,17,18,0.40399999999999997,0.632,8.0,-8.504,0.0343,0.152,0.0,0.266,0.7170000000000001,171.82299999999998,188627.0,4.0,0,0,0,0,1,55.0,0,1,8,1974,0,26.2
I'm A Midnight Mover,WILSON PICKETT,0.53719266,0.5071509710000001,95,24,7,0.782,0.6579999999999999,9.0,-11.777999999999999,0.0426,0.265,0.0,0.11800000000000001,0.892,116.60799999999999,146053.0,4.0,0,0,0,0,5,57.77835159,0,1,21,1968,0,23.1
Sunshine Girl,THE PARADE,0.512061113,0.44999859200000003,127,20,9,0.45399999999999996,0.405,7.0,-12.189,0.0389,0.14400000000000002,0.00513,0.0728,0.452,139.185,166213.0,4.0,0,0,0,0,0,6.0,0,0,1,1967,0,22.5
"Get Down, Get Down (Get On The Floor)",JOE SIMON,0.434548372,0.7051682909999999,108,8,18,0.6890000000000001,0.5589999999999999,8.0,-9.203,0.0377,0.196,0.0,0.14800000000000002,0.789,113.801,176920.0,4.0,0,0,0,0,7,57.77835159,0,2,22,1975,0,26.7
Love Me With All Your Heart,RAY CHARLES SINGERS,0.575651932,0.6866950620000001,99,3,15,0.307,0.522,9.0,-10.226,0.0374,0.809,0.0,0.0765,0.654,200.59599999999998,140480.0,3.0,0,0,1,17,37,41.0,0,1,2,1964,0,21.2
Do It Again A Little Bit Slower,JON AND ROBIN AND THE ON CROWD,0.23245205600000002,0.603563594,133,18,13,0.5489999999999999,0.409,9.0,-9.777000000000001,0.0383,0.5329999999999999,0.0,0.136,0.7190000000000001,147.16899999999998,155640.0,4.0,0,0,0,0,0,57.77835159,0,0,1,1967,0,22.5
Tennessee Birdwalk,JACK BLANCHARD &amp; MISTY MORGAN,0.5365178039999999,0.46479341799999996,98,23,13,0.7090000000000001,0.813,0.0,-7.1610000000000005,0.0328,0.0815,4.16e-05,0.11199999999999999,0.872,130.24,171893.0,4.0,0,0,0,0,1,11.0,0,0,2,1970,0,24.0
"You, I",THE RUGBYS,0.612667675,0.535223095,126,24,13,0.535,0.586,7.0,-11.214,0.0891,0.455,0.0005769999999999999,0.157,0.804,161.786,176853.0,4.0,0,0,0,0,0,21.0,0,0,2,1969,0,23.5
Angel In Your Arms,HOT,0.595579371,0.704463208,90,6,27,0.622,0.38799999999999996,6.0,-14.040999999999999,0.0873,0.647,0.0,0.545,0.746,81.115,175547.0,4.0,0,0,0,0,0,32.0,0,1,0,1977,0,27.3
I Love The Way You Love,MARV JOHNSON,0.532501999,0.553128236,109,9,16,0.72,0.6920000000000001,9.0,-12.797,0.0669,0.66,1.66e-06,0.314,0.851,134.616,159840.0,4.0,0,0,0,0,0,27.0,0,2,5,1960,0,19.6
Little Egypt,COASTERS,0.649113837,0.58894459,96,23,12,0.8690000000000001,0.322,10.0,-15.825,0.0718,0.5529999999999999,0.0,0.261,0.8759999999999999,116.196,172933.0,4.0,0,0,0,0,2,57.77835159,0,2,5,1961,0,19.9
One Summer Night,THE DIAMONDS,0.47423542,0.619765969,116,22,12,0.316,0.285,9.0,-11.547,0.0396,0.826,0.0,0.111,0.52,168.61,152240.0,3.0,0,0,0,0,0,47.0,0,0,2,1961,0,19.9
Next Plane To London,THE ROSE GARDEN,0.596056185,0.574986557,116,17,17,0.38799999999999996,0.441,9.0,-13.222999999999999,0.0535,0.13699999999999998,5.42e-05,0.182,0.883,206.687,151000.0,4.0,1,0,0,0,0,15.0,0,0,1,1967,0,22.5
Help Me Rhonda,JOHNNY RIVERS,0.550993258,0.591383019,86,22,10,0.6890000000000001,0.306,0.0,-17.778,0.0394,0.19399999999999998,2.05e-06,0.0612,0.6,133.144,173373.0,4.0,0,0,0,0,1,48.0,1,7,7,1975,0,26.7
The Fly,CHUBBY CHECKER,0.5753601420000001,0.641276039,60,7,13,0.39399999999999996,0.938,10.0,-6.8389999999999995,0.0511,0.000446,0.00041500000000000006,0.183,0.775,160.75,140213.0,4.0,0,0,0,1,1,56.0,1,4,20,1961,98,19.9
People Say,DIXIE CUPS,0.610828215,0.63159331,72,12,9,0.5870000000000001,0.361,0.0,-13.296,0.0518,0.381,0.0,0.20600000000000002,0.868,125.5,156965.0,4.0,0,0,0,0,0,49.0,1,0,4,1964,0,21.2
Little Space Girl,JESSE LEE TURNER,0.37806520200000004,0.375902622,86,20,12,0.67,0.728,3.0,1.463,0.0404,0.33399999999999996,0.0,0.289,0.5760000000000001,85.36200000000001,171984.0,4.0,0,0,0,0,0,7.0,0,0,1,1959,0,19.6
Not One Minute More,DELLA REESE,0.46086884,0.588452815,81,16,11,0.348,0.467,10.0,-6.346,0.0329,0.835,0.000437,0.124,0.258,122.738,158360.0,4.0,0,0,0,0,3,37.0,0,1,5,1959,0,19.6
Telstar,THE TORNADOES,0.32811048,0.45432083700000003,85,1,16,0.37200000000000005,0.7020000000000001,6.0,-7.86,0.0319,0.35700000000000004,0.008440000000000001,0.11,0.733,141.39,195173.0,4.0,0,0,0,0,0,0.0,1,0,1,1962,0,20.2
Hello Young Lovers,PAUL ANKA,0.187599367,0.565964012,79,23,12,0.43,0.623,2.0,-14.07,0.0465,0.188,0.48700000000000004,0.268,0.65,121.458,218847.0,4.0,0,0,0,0,0,65.0,2,7,20,1960,0,19.6
The Lonely Bull (El Solo Torro),THE TIJUANA BRASS featuring HERB ALPERT,0.321025921,0.63699243,128,6,15,0.6,0.7170000000000001,2.0,-9.508,0.031,0.0356,0.789,0.313,0.965,123.95,146267.0,4.0,0,0,0,0,0,57.77835159,0,1,0,1962,0,20.2
He's A Rebel,THE CRYSTALS (THE BLOSSOMS),0.645328366,0.702216526,98,1,18,0.7120000000000001,0.757,6.0,-6.449,0.0572,0.63,1.63e-06,0.529,0.866,117.367,150605.0,4.0,0,0,0,0,0,57.77835159,1,0,1,1962,8,20.2
Where Were You On Our Wedding Day,LLOYD PRICE,0.49446684799999996,0.580782939,72,23,11,0.488,0.6859999999999999,0.0,-8.138,0.032,0.629,0.0,0.341,0.797,77.322,162733.0,4.0,0,0,0,0,0,47.0,0,2,12,1959,0,19.6
Close To Cathy,MIKE CLIFFORD,0.543097037,0.649838206,120,12,14,0.45299999999999996,0.20600000000000002,4.0,-10.18,0.0277,0.784,0.0,0.069,0.28300000000000003,81.715,174760.0,4.0,0,0,0,0,0,57.77835159,0,0,1,1962,0,20.2
You Don't Know,SCARLETT &amp; BLACK,0.594885404,0.615781525,69,20,18,0.35600000000000004,0.9159999999999999,0.0,-8.597000000000001,0.0349,0.693,0.284,0.0972,0.878,113.05,219867.0,4.0,0,0,0,0,0,11.0,0,0,1,1988,0,24.5
Treat Her Right,ROY HEAD,0.64105114,0.5582263829999999,83,2,11,0.602,0.625,0.0,-7.517,0.061,0.375,0.00281,0.308,0.9590000000000001,162.315,125893.0,4.0,0,0,0,0,0,12.0,0,1,2,1965,0,21.7
Wham,LONNIE MACK,0.585772479,0.530735873,95,24,9,0.473,0.9390000000000001,5.0,-9.273,0.0489,0.0978,0.782,0.19399999999999998,0.603,97.70200000000001,132333.0,4.0,0,0,0,0,0,37.0,0,0,2,1963,0,20.8
(Come 'Round Here) I'm The One You Need,THE MIRACLES,0.646320783,0.628322164,90,17,9,0.542,0.7290000000000001,7.0,-6.247999999999999,0.0339,0.106,0.0,0.38799999999999996,0.805,113.9,152453.0,4.0,0,0,0,0,0,51.0,0,1,8,1966,17,22.1
Crying Time,RAY CHARLES,0.51324566,0.691170618,108,6,16,0.696,0.508,1.0,-14.561,0.0576,0.0748,0.00187,0.109,0.847,171.65400000000002,221480.0,4.0,0,0,1,17,37,57.77835159,2,6,18,1965,0,21.7
I Know,DIONNE FARRIS,0.547987335,0.773681827,61,4,38,0.589,0.9620000000000001,7.0,-6.815,0.18100000000000002,0.0502,0.00225,0.242,0.503,103.396,227827.0,4.0,0,0,0,0,1,42.0,0,1,0,1995,0,21.4
Dynamite,JERMAINE JACKSON,0.640833058,0.73408363,55,15,17,0.557,0.846,9.0,-7.68,0.0541,0.00358,0.3,0.0447,0.8690000000000001,191.391,361200.0,4.0,0,0,0,0,5,50.0,0,1,12,1984,0,26.6
Look What You've Done For Me,AL GREEN,0.317745977,0.739982783,44,4,12,0.57,0.5,10.0,-12.884,0.0869,0.6579999999999999,0.0181,0.7609999999999999,0.826,97.027,155573.0,4.0,0,0,1,11,21,71.0,0,6,8,1972,0,25.3
Breaking Away,BALANCE,0.583898907,0.664294784,106,22,18,0.655,0.7929999999999999,11.0,-5.587999999999999,0.0465,0.000875,0.0161,0.0631,0.932,134.006,195000.0,4.0,0,0,0,0,0,24.0,0,0,1,1981,0,27.3
Just You,SONNY &amp; CHER,0.619574277,0.593225339,72,20,9,0.447,0.516,0.0,-8.082,0.0254,0.684,0.0,0.0569,0.336,95.35799999999999,213773.0,4.0,0,0,0,0,3,57.0,0,1,2,1965,0,21.7
She Say,DIAMONDS,0.469433134,0.5994797510000001,89,18,14,0.597,0.5760000000000001,3.0,-12.79,0.0478,0.7959999999999999,1.39e-05,0.138,0.92,76.48,129107.0,4.0,0,0,0,0,0,47.0,0,0,1,1959,0,19.6
Say I Am (What I Am),TOMMY JAMES AND THE SHONDELLS,0.568631796,0.573246881,112,21,9,0.708,0.8009999999999999,6.0,-11.082,0.0454,0.141,0.0,0.585,0.871,128.268,152360.0,4.0,0,0,0,0,0,56.0,0,1,7,1966,0,22.1
Silver Threads And Golden Needles,THE SPRINGFIELDS,0.556820812,0.537656508,117,20,11,0.505,0.469,9.0,-11.777999999999999,0.031,0.51,0.0,0.0632,0.857,137.67700000000002,134480.0,4.0,0,0,0,0,0,30.0,0,0,2,1962,0,20.2
(The Lights Went Out In) Massachusetts,THE BEE GEES,0.491100431,0.730226426,74,11,8,0.40399999999999997,0.498,2.0,-8.227,0.0278,0.149,0.0006799999999999999,0.551,0.381,104.05,176320.0,4.0,0,0,1,0,0,77.0,2,2,16,1967,0,22.5
Once In A While,THE CHIMES,0.636496263,0.637912085,105,11,20,0.331,0.504,3.0,-6.325,0.0295,0.5529999999999999,0.0,0.293,0.348,105.973,146367.0,3.0,0,0,0,0,0,32.0,0,0,1,1960,0,19.6
Love Is Strange,PEACHES AND HERB,0.526974951,0.6168623870000001,69,13,9,0.642,0.489,0.0,-12.039000000000001,0.027999999999999997,0.42700000000000005,5.56e-06,0.40700000000000003,0.892,105.764,179627.0,4.0,0,0,0,0,1,57.77835159,1,1,5,1967,0,22.5
Because,DAVE CLARK FIVE,0.392533669,0.616629998,60,3,10,0.696,0.65,1.0,-11.280999999999999,0.0706,0.00145,0.93,0.10099999999999999,0.8540000000000001,178.03400000000002,91798.0,4.0,0,0,0,0,1,57.77835159,1,2,4,1964,0,21.2
Yo-Yo,THE OSMONDS,0.635278194,0.673411037,85,3,13,0.639,0.635,2.0,-11.027999999999999,0.07200000000000001,0.6990000000000001,0.0,0.14800000000000002,0.93,139.41299999999998,195560.0,4.0,0,0,0,0,0,39.0,0,2,5,1971,0,24.7
A Ray Of Hope,THE RASCALS,0.466768884,0.552692699,106,24,9,0.461,0.665,0.0,-7.976,0.0361,0.6509999999999999,0.0,0.188,0.79,105.399,222853.0,4.0,0,0,0,0,0,40.0,1,1,1,1968,0,23.1
Leader Of The Laundromat,THE DETERGENTS,0.497946696,0.475924268,80,19,8,0.444,0.621,7.0,-9.138,0.271,0.6970000000000001,2.51e-06,0.10800000000000001,0.52,141.465,192293.0,4.0,0,0,0,0,0,14.0,0,0,1,1964,66,21.2
Make Em' Say Uhh!,"MASTER P feat FIEND, SILKK THE SHOCKER, MIA X &amp; MYSTIKAL",0.633375971,0.797847018,41,16,27,0.555,0.68,2.0,-4.164,0.285,0.09,0.0,0.07,0.616,89.387,268933.0,4.0,0,0,0,0,0,59.0,0,0,2,1998,0,20.9
There Is,THE DELLS,0.625423096,0.637943292,108,20,12,0.43,0.7979999999999999,0.0,-6.773,0.222,0.0772,0.0,0.0833,0.77,171.554,213333.0,4.0,0,0,0,0,0,57.77835159,0,1,10,1968,0,23.1
The Way I Feel Tonight,THE BAY CITY ROLLERS,0.28603690800000003,0.654389181,89,24,17,0.6,0.802,8.0,-5.992999999999999,0.065,0.305,0.0,0.11699999999999999,0.49700000000000005,130.091,224867.0,4.0,0,0,0,0,0,57.77835159,0,0,2,1977,0,27.3
Shape Of Things To Come,MAX FROST AND THE TROOPERS,0.614604584,0.501756062,114,22,13,0.444,0.716,5.0,-5.962000000000001,0.0442,0.259,0.0,0.0744,0.7240000000000001,157.509,118053.0,4.0,0,0,0,0,0,12.0,0,0,1,1968,0,23.1
This Door Swings Both Ways,HERMAN'S HERMITS,0.520232228,0.5885350739999999,78,12,8,0.654,0.469,0.0,-9.051,0.0438,0.8190000000000001,0.0,0.217,0.609,96.852,127773.0,4.0,0,0,0,0,0,55.0,2,7,8,1966,0,22.1
Funny,JOE HINTON,0.40896517,0.5055670489999999,84,13,12,0.41700000000000004,0.406,10.0,-9.005,0.0303,0.132,0.0,0.165,0.0978,102.458,186107.0,3.0,0,0,0,0,7,8.0,0,0,3,1964,0,21.2
Don't Want To Live Without It,PABLO CRUISE,0.63513415,0.663522585,88,21,16,0.659,0.6409999999999999,5.0,-7.8389999999999995,0.0623,0.0413,1.7800000000000002e-05,0.298,0.925,106.915,274133.0,4.0,0,0,0,0,0,44.0,0,2,6,1978,0,27.3
Midnight Special,PAUL EVANS,0.535177599,0.572942352,70,16,13,0.629,0.695,4.0,-3.488,0.0433,0.6940000000000001,3.3100000000000005e-05,0.759,0.6709999999999999,128.60299999999998,151200.0,4.0,0,0,0,0,0,57.77835159,0,1,1,1960,0,19.6
I Understand (Just How You Feel),THE G-CLEFS,0.632129603,0.652358019,107,9,17,0.46799999999999997,0.36200000000000004,4.0,-11.374,0.0325,0.835,0.0197,0.134,0.429,104.197,155267.0,3.0,0,0,0,0,0,57.77835159,0,1,1,1961,0,19.9
Oh How Happy,THE SHADES OF BLUE,0.613836527,0.653547416,130,12,14,0.451,0.473,9.0,-8.613,0.138,0.604,0.0,0.151,0.66,176.215,133467.0,4.0,0,0,0,0,0,57.77835159,0,0,2,1966,0,22.1
Too Many Rivers,BRENDA LEE,0.5790307020000001,0.678189487,119,13,14,0.623,0.302,5.0,-12.655,0.0296,0.635,2.01e-05,0.113,0.647,97.882,168960.0,4.0,0,0,1,0,4,63.0,2,8,15,1965,0,21.7
Deeper And Deeper,FREDA PAYNE,0.22808528,0.616233767,102,24,13,0.672,0.499,3.0,-15.091,0.0289,0.268,0.0,0.0999,0.782,113.929,184552.0,4.0,0,0,0,0,1,40.0,0,1,2,1970,132,24.0
Shutters And Boards,JERRY WALLACE,0.45087566700000004,0.504567203,126,24,13,0.547,0.305,7.0,-15.773,0.0328,0.769,0.0,0.31,0.7809999999999999,122.40700000000001,175920.0,3.0,0,0,0,0,0,21.0,0,0,7,1962,0,20.2
You Better Sit Down Kids,CHER,0.563519969,0.719116985,79,9,13,0.598,0.462,3.0,-11.026,0.0876,0.638,0.0,0.267,0.462,115.02600000000001,223760.0,4.0,0,0,0,1,7,70.0,3,4,14,1967,0,22.5
It Ain't Enough,COREY HART,0.6311254629999999,0.7462414279999999,65,17,19,0.764,0.376,2.0,-12.489,0.0302,0.161,1.85e-06,0.0716,0.615,112.971,208794.0,4.0,0,0,0,0,1,57.77835159,0,2,6,1984,0,26.6
Living In A House Divided,CHER,0.522856725,0.6313618320000001,75,22,8,0.496,0.469,8.0,-13.424000000000001,0.0295,0.528,0.0,0.17600000000000002,0.626,85.916,179560.0,4.0,0,0,0,1,7,70.0,3,4,14,1972,0,25.3
The Love Of My Man,THEOLA KILGORE,0.588591788,0.463406496,101,21,13,0.257,0.474,7.0,-7.942,0.0273,0.353,4.6700000000000003e-05,0.21,0.43700000000000006,149.094,197239.0,3.0,0,0,0,0,0,11.0,0,0,1,1963,0,20.8
Dum Dum,BRENDA LEE,0.519469165,0.664919948,69,4,12,0.7070000000000001,0.452,1.0,-11.757,0.312,0.7609999999999999,0.0,0.37200000000000005,0.645,126.10600000000001,145960.0,4.0,0,0,1,0,4,63.0,2,8,15,1961,0,19.9
Swingin' School,BOBBY RYDELL,0.606026373,0.6497441310000001,104,5,13,0.526,0.772,5.0,-5.38,0.0342,0.534,2.31e-06,0.0924,0.965,149.92,134000.0,3.0,0,0,0,0,0,44.0,0,5,15,1960,0,19.6
Do The Bird,DEE DEE SHARP,0.562885979,0.636362412,111,10,12,0.617,0.698,2.0,-5.25,0.0559,0.23399999999999999,0.0,0.047,0.938,78.741,132880.0,4.0,0,0,0,0,0,36.0,0,3,3,1963,0,20.8
Uh-Oh,NUTTY SQUIRRELS,0.40283859,0.429915035,86,14,12,0.7070000000000001,0.42,4.0,-10.222000000000001,0.0395,0.698,0.0044,0.20199999999999999,0.596,112.556,144693.0,4.0,0,0,0,0,0,3.0,0,0,1,1959,0,19.6
James (Hold The Ladder Steady),SUE THOMPSON,0.6156384429999999,0.556103341,83,17,10,0.74,0.5710000000000001,10.0,-9.961,0.0361,0.8079999999999999,0.0,0.11199999999999999,0.9620000000000001,138.06,135160.0,4.0,0,0,0,0,0,35.0,0,2,5,1962,0,20.2
Before My Heart Finds Out,GENE COTTON,0.619096605,0.655668169,86,23,14,0.613,0.5379999999999999,6.0,-6.332999999999999,0.0304,0.47100000000000003,1.35e-06,0.138,0.484,122.652,151493.0,4.0,0,0,0,0,0,57.77835159,0,0,1,1978,4,27.3
Rumours,TIMEX SOCIAL CLUB,0.632937116,0.717193492,81,8,19,0.857,0.812,10.0,-7.362,0.0555,0.0844,0.0,0.0638,0.684,106.446,291213.0,4.0,0,0,0,0,0,33.0,0,1,0,1986,0,25.5
Shoeshine Boy,EDDIE KENDRICKS,0.630368123,0.700992598,97,18,18,0.617,0.76,2.0,-8.324,0.0426,0.22899999999999998,1.77e-06,0.0536,0.945,167.002,196920.0,4.0,0,0,0,0,3,51.0,1,1,9,1975,46,26.7
Look In My Eyes Pretty Woman,TONY ORLANDO &amp; DAWN,0.583374732,0.607791807,74,11,12,0.665,0.667,0.0,-10.026,0.0433,0.41600000000000004,0.0,0.185,0.956,123.946,187000.0,4.0,0,0,0,0,1,34.0,1,1,3,1974,0,26.2
Heart Of The Night,JUICE NEWTON,0.604583538,0.713472364,73,25,16,0.532,0.513,0.0,-11.419,0.0274,0.34700000000000003,6.44e-06,0.146,0.6759999999999999,121.09299999999999,248933.0,4.0,0,0,0,1,5,52.0,0,4,4,1982,0,27.1
Just A Little Bit Better,HERMAN'S HERMITS,0.5964148920000001,0.65338655,64,7,10,0.619,0.634,3.0,-7.331,0.0351,0.594,0.0,0.0881,0.742,139.197,173653.0,4.0,0,0,0,0,0,55.0,2,7,8,1965,0,21.7
I'd Wait A Million Years,GRASS ROOTS,0.646547125,0.691589413,105,15,16,0.693,0.452,10.0,-13.001,0.0387,0.39799999999999996,0.0,0.0614,0.794,128.401,171160.0,4.0,0,0,0,0,0,53.0,0,0,6,1969,0,23.5
Is It True,BRENDA LEE,0.5573335189999999,0.594626323,103,17,10,0.7290000000000001,0.7959999999999999,9.0,-10.164,0.0377,0.465,2.31e-06,0.217,0.765,125.428,149427.0,4.0,0,0,1,0,4,63.0,2,8,15,1964,0,21.2
Carrie Ann,THE HOLLIES,0.365036566,0.711287727,113,9,14,0.439,0.8809999999999999,0.0,-7.617000000000001,0.0365,0.00103,0.8590000000000001,0.223,0.625,129.99,195991.0,4.0,0,0,0,0,0,67.0,0,4,10,1967,0,22.5
Bits And Pieces,THE DAVE CLARK FIVE,0.335870732,0.717187845,103,4,12,0.758,0.518,0.0,-12.925999999999998,0.0345,0.2,0.0,0.07200000000000001,0.965,143.125,117721.0,4.0,0,0,0,0,0,57.77835159,0,1,4,1964,28,21.2
Let Me Serenade You,THREE DOG NIGHT,0.6212168889999999,0.670383229,84,17,12,0.494,0.6709999999999999,8.0,-12.085,0.053,0.185,5.19e-06,0.248,0.727,110.678,181400.0,4.0,0,0,0,0,2,61.0,3,7,9,1973,0,25.8
Backfield In Motion,MEL &amp; TIM,0.595107584,0.66455283,48,10,14,0.685,0.721,2.0,-5.763,0.0426,0.703,0.0,0.278,0.951,122.56700000000001,154560.0,4.0,0,0,0,0,0,36.0,0,1,1,1969,0,23.5
Ain't Love A Bitch,ROD STEWART,0.63443557,0.690659632,73,22,12,0.614,0.6609999999999999,9.0,-9.663,0.0313,0.22,0.000227,0.0915,0.65,124.027,279707.0,4.0,0,0,0,1,15,77.0,3,10,19,1979,0,27.4
Whodunit,TAVARES,0.641094911,0.6700623960000001,71,22,15,0.757,0.701,3.0,-8.977,0.0477,0.603,0.0,0.259,0.8220000000000001,96.645,215893.0,4.0,0,0,0,1,2,57.77835159,0,1,8,1977,0,27.3
Who Wears These Shoes?,ELTON JOHN,0.57786101,0.5424375220000001,54,16,14,0.615,0.742,2.0,-10.29,0.0446,0.205,3.77e-05,0.513,0.938,168.62400000000002,243453.0,4.0,0,0,0,5,34,81.0,4,15,31,1984,0,26.6
We've Got To Get It On Again,THE ADDRISI BROTHERS,0.45678084,0.43032248,78,25,12,0.479,0.46299999999999997,8.0,-9.423,0.0396,0.0978,0.0,0.0831,0.6609999999999999,167.32,153507.0,4.0,0,0,0,0,0,7.0,0,0,3,1972,0,25.3
You're A Wonderful One,MARVIN GAYE,0.614343548,0.6907712359999999,81,15,10,0.642,0.457,10.0,-9.827,0.0348,0.8029999999999999,0.0,0.113,0.8140000000000001,84.366,164960.0,4.0,0,0,1,2,12,78.0,2,9,17,1964,23,21.2
California Soul,THE 5TH DIMENSION,0.623326741,0.598826446,72,25,9,0.595,0.541,0.0,-10.637,0.0248,0.226,0.0,0.327,0.701,99.15899999999999,191960.0,4.0,0,0,0,0,0,53.0,0,3,11,1968,0,23.1
Birdland,CHUBBY CHECKER,0.35596144,0.581300381,81,12,9,0.614,0.9,7.0,-5.356,0.0577,0.273,0.0,0.10400000000000001,0.93,85.625,138933.0,4.0,0,0,0,1,1,56.0,1,4,20,1963,0,20.8
I've Told Every Little Star,LINDA SCOTT,0.31541617,0.377122256,86,3,14,0.49,0.498,9.0,-11.307,0.0417,0.0245,0.00492,0.107,0.603,181.495,169227.0,4.0,0,0,0,0,0,0.0,0,1,2,1961,0,19.9
American Music,THE POINTER SISTERS,0.48942387,0.7449744709999999,73,16,14,0.669,0.873,10.0,-5.45,0.0486,0.157,0.0,0.054000000000000006,0.649,124.545,240000.0,4.0,0,0,0,0,0,67.0,0,0,6,1982,0,27.1
I'm A Woman,MARIA MULDAUR,0.488024213,0.664126466,88,12,14,0.408,0.731,7.0,-10.3,0.0448,0.439,1.14e-06,0.259,0.9359999999999999,178.132,248733.0,4.0,0,0,0,0,4,38.0,0,1,1,1974,0,26.2
Without You,JOHNNY TILLOTSON,0.557926563,0.609938792,116,7,14,0.539,0.5660000000000001,2.0,-5.665,0.0269,0.35600000000000004,0.8390000000000001,0.166,0.7190000000000001,99.334,128800.0,3.0,0,0,0,0,1,49.0,0,3,16,1961,0,19.9
Do That To Me One More Time,THE CAPTAIN AND TENNILLE,0.336965047,0.670010096,86,1,27,0.53,0.474,7.0,-11.715,0.027000000000000003,0.763,0.201,0.248,0.261,91.139,235185.0,4.0,0,0,0,0,0,42.0,1,1,4,1979,0,27.4
Piece Of My Heart,TARA KEMP,0.5465840270000001,0.6744073840000001,98,7,18,0.536,0.823,1.0,-10.696,0.0687,0.111,0.00043200000000000004,0.0543,0.9159999999999999,200.128,289740.0,4.0,0,0,0,0,0,20.0,0,2,1,1991,0,23.0
The Hair On My Chinny Chin Chin,SAM THE SHAM AND THE PHARAOHS,0.538246687,0.52418649,81,22,8,0.718,0.502,2.0,-12.220999999999998,0.0491,0.648,0.0,0.0262,0.737,123.36200000000001,156667.0,4.0,0,0,0,0,0,47.0,0,3,6,1966,0,22.1
Free To Decide / When You're Gone,CRANBERRIES,0.614056698,0.818686334,66,22,20,0.38799999999999996,0.778,9.0,-5.622000000000001,0.0317,0.00604,3.21e-06,0.0829,0.33899999999999997,117.65,266267.0,4.0,0,0,0,0,0,75.0,0,1,1,1996,0,21.2
Father,LL COOL J,0.609925917,0.770137293,23,18,16,0.757,0.525,7.0,-10.882,0.27699999999999997,0.0473,0.0805,0.14300000000000002,0.5670000000000001,98.80799999999999,284630.0,4.0,0,0,0,2,9,67.0,0,2,10,1998,18,20.9
Take It Easy,ANDY TAYLOR,0.314267978,0.7020892259999999,85,24,17,0.8640000000000001,0.40399999999999997,1.0,-7.392,0.24,0.161,0.0,0.207,0.511,81.994,207726.0,4.0,0,0,0,2,2,57.77835159,0,0,2,1986,0,25.5
Who Found Who,JELLYBEAN featuring ELISA FIORILLO,0.6100501970000001,0.679110239,73,16,15,0.741,0.706,11.0,-10.748,0.0326,0.0884,0.28300000000000003,0.18100000000000002,0.9420000000000001,118.073,289600.0,4.0,0,0,0,0,0,25.0,0,0,1,1987,0,25.0
Hound Dog Man,FABIAN,0.248328995,0.559201037,113,9,16,0.6709999999999999,0.695,2.0,-10.802,0.0596,0.685,0.0,0.0798,0.718,106.65899999999999,133173.0,4.0,0,0,0,0,0,23.0,0,2,5,1959,0,19.6
Never On Sunday,DON COSTA ORCHESTRA,0.48796279,0.46178284799999997,75,19,15,0.54,0.424,7.0,-13.999,0.0304,0.688,0.877,0.0606,0.845,131.157,175160.0,4.0,0,1,0,0,4,15.0,0,0,1,1960,0,19.6
Twelve Thirty (Young Girls Are Coming To The Canyon),THE MAMAS AND THE PAPAS,0.560968812,0.624423737,72,20,6,0.5579999999999999,0.574,1.0,-8.892999999999999,0.0297,0.342,0.0,0.188,0.529,113.53299999999999,206533.0,4.0,0,0,0,0,0,67.0,0,2,7,1967,0,22.5
Your Good Thing,LOU RAWLS,0.5085215439999999,0.653626835,87,18,14,0.535,0.332,3.0,-11.823,0.0403,0.792,1.2e-05,0.0741,0.526,96.104,173933.0,3.0,0,0,0,3,13,53.0,0,1,10,1969,0,23.5
When The Lovelight Stars Shining Through His Eyes,SUPREMES,0.256064242,0.6642951770000001,128,23,12,0.46299999999999997,0.644,3.0,-6.688,0.0432,0.292,0.0,0.134,0.9209999999999999,96.15100000000001,170800.0,4.0,0,0,0,0,2,70.0,2,4,5,1963,0,20.8
Round Every Corner,PETULA CLARK,0.559968151,0.606182762,85,21,8,0.355,0.688,11.0,-7.903,0.0429,0.41700000000000004,0.0,0.8059999999999999,0.7170000000000001,133.158,156360.0,4.0,0,0,0,2,9,53.0,0,4,11,1965,70,21.7
Happy Music,BLACKBYRDS,0.622570589,0.638947378,97,19,13,0.7979999999999999,0.755,9.0,-7.327999999999999,0.043,0.0059299999999999995,8.63e-05,0.115,0.424,115.33,296213.0,4.0,0,0,0,0,1,36.0,0,1,3,1976,66,26.9
Little Bitty Girl,BOBBY RYDELL,0.638904158,0.549283974,86,19,15,0.596,0.627,1.0,-6.117000000000001,0.0395,0.614,0.0,0.14,0.838,121.156,145360.0,4.0,0,0,0,0,0,44.0,0,5,15,1960,0,19.6
I Adore Him,THE ANGELS,0.500166776,0.5340742620000001,103,25,8,0.531,0.7859999999999999,2.0,-7.216,0.0838,0.508,0.0116,0.154,0.873,127.87299999999999,167507.0,4.0,0,0,0,0,0,52.0,1,0,6,1963,0,20.8
American Storm,BOB SEGER,0.634213838,0.768157822,56,13,14,0.51,0.946,4.0,-4.788,0.0479,0.0763,0.0,0.14300000000000002,0.79,150.952,243264.0,4.0,0,0,0,0,6,71.0,1,3,11,1986,0,25.5
Stop & Smell The Roses,MAC DAVIS,0.60579064,0.649724496,83,9,14,0.40700000000000003,0.6709999999999999,2.0,-8.312999999999999,0.0345,0.13,0.574,0.34,0.9009999999999999,168.61700000000002,175067.0,4.0,0,0,0,0,3,43.0,1,1,9,1974,0,26.2
Please Don't Leave,LAUREN WOOD,0.446682989,0.681232066,80,24,15,0.775,0.447,2.0,-13.512,0.0445,0.201,0.000106,0.0493,0.8390000000000001,124.211,238667.0,4.0,0,0,0,0,0,43.0,0,0,1,1979,0,27.4
Mickey's Monkey,THE MIRACLES,0.643729856,0.657757668,88,8,12,0.6940000000000001,0.873,2.0,-7.013,0.0921,0.14400000000000002,0.0688,0.273,0.7290000000000001,93.21600000000001,194440.0,4.0,0,0,0,0,0,51.0,0,1,8,1963,0,20.8
Kisses On The Wind,NENEH CHERRY,0.59427563,0.736563034,79,8,14,0.759,0.687,1.0,-10.833,0.0893,0.0733,1.86e-06,0.0929,0.7829999999999999,117.959,237373.0,4.0,0,0,0,0,1,60.0,0,2,1,1989,0,23.9
Hawaiian Wedding Songs,ANDY WILLIAMS,0.648994238,0.721596975,72,11,20,0.311,0.19699999999999998,10.0,-13.837,0.0303,0.82,5.3500000000000006e-05,0.428,0.204,65.72800000000001,148307.0,4.0,0,0,0,1,4,68.0,0,3,16,1958,0,19.7
Sailor (Your Home Is The Sea),LOLITA,0.546317365,0.666071175,110,5,19,0.45299999999999996,0.297,7.0,-10.041,0.0325,0.826,3.98e-05,0.35,0.38799999999999996,102.537,170200.0,4.0,0,0,0,0,0,30.0,0,2,0,1960,0,19.6
Wiggle It,TWO IN A ROOM,0.6362176860000001,0.714772414,95,15,22,0.789,0.835,2.0,-13.952,0.0505,0.0745,4.41e-06,0.039,0.836,122.816,244133.0,4.0,0,0,0,0,0,32.0,0,0,1,1990,0,23.5
I Wonder What She's Doing Tonight,BARRY AND THE TAMARLANES,0.51151751,0.558522903,120,21,12,0.61,0.574,1.0,-7.747999999999999,0.0258,0.248,0.0,0.10099999999999999,0.8759999999999999,107.662,111720.0,4.0,0,0,0,0,0,57.77835159,0,0,1,1963,0,20.8
Ding Dong The Witch Is Dead,THE FIFTH ESTATE,0.589323291,0.571884414,115,11,11,0.615,0.7929999999999999,7.0,-4.934,0.0326,0.595,0.0,0.135,0.9570000000000001,114.586,125318.0,4.0,0,0,0,0,0,10.0,0,0,1,1967,0,22.5
I Feel So Bad,ELVIS PRESLEY,0.641788974,0.736061775,43,5,9,0.502,0.68,5.0,-11.368,0.0406,0.75,0.0483,0.23199999999999998,0.937,91.81299999999999,174160.0,4.0,0,0,1,3,14,82.0,2,13,48,1961,0,19.9
Thinkin' Back,COLOR ME BADD,0.639585548,0.756634595,74,16,20,0.5870000000000001,0.326,6.0,-11.204,0.0242,0.20800000000000002,1.01e-05,0.133,0.271,90.81299999999999,322533.0,4.0,0,0,0,0,2,55.0,2,1,6,1992,0,22.6
Butterfly Kisses,RAYBON BROS,0.479890489,0.563971308,62,22,17,0.5379999999999999,0.363,10.0,-9.558,0.0249,0.529,0.0,0.0858,0.127,85.791,284920.0,4.0,0,0,0,0,0,3.0,0,0,1,1997,0,21.0
Popsicle,JAN AND DEAN,0.648607185,0.576506078,119,21,10,0.593,0.8009999999999999,0.0,-11.158,0.0376,0.5489999999999999,0.133,0.0861,0.966,133.974,155733.0,4.0,0,0,0,0,0,45.0,1,2,8,1966,0,22.1
Sweet Blindness,THE 5TH DIMENSION,0.638390493,0.694112148,107,13,11,0.41100000000000003,0.57,5.0,-8.731,0.0532,0.622,0.0,0.149,0.826,162.954,202293.0,4.0,0,0,0,0,0,53.0,0,3,11,1968,0,23.1
Don't Tell Me Lies,BREATHE,0.64089105,0.6938030340000001,96,10,16,0.341,0.73,11.0,-13.220999999999998,0.0467,0.0256,2.49e-06,0.0783,0.752,130.076,222440.0,4.0,0,0,0,0,0,41.0,0,3,2,1989,0,23.9
"The Crying Game (From ""The Crying Game"")",BOY GEORGE,0.327566645,0.757607445,70,15,17,0.584,0.6679999999999999,4.0,-8.829,0.0289,0.0737,0.0134,0.162,0.544,100.036,202460.0,4.0,0,0,0,1,4,45.0,0,0,3,1993,0,22.2
Small Sad Sam,PHIL McLEAN,0.23068827100000003,0.291657767,86,21,10,0.677,0.518,10.0,-10.097999999999999,0.16399999999999998,0.856,1.18e-06,0.35200000000000004,0.574,81.123,141693.0,4.0,0,0,0,0,0,0.0,0,0,1,1961,0,19.9
Reflections Of My Life,MARMALADE,0.44981777700000003,0.6767901709999999,101,10,16,0.479,0.723,7.0,-10.132,0.0724,0.7440000000000001,1.62e-06,0.938,0.59,98.999,268627.0,4.0,0,0,0,0,0,57.77835159,0,1,1,1970,0,24.0
Night,JACKIE WILSON,0.6212718979999999,0.708569564,90,4,17,0.284,0.498,0.0,-5.534,0.0296,0.9179999999999999,0.0009699999999999999,0.361,0.327,99.075,169653.0,4.0,0,0,0,0,2,64.0,0,4,28,1960,0,19.6
And Get Away,THE ESQUIRES,0.298097603,0.47943973799999995,71,22,8,0.657,0.47,7.0,-12.663,0.0342,0.7929999999999999,0.0,0.0795,0.9059999999999999,125.08,165427.0,4.0,0,0,0,0,0,22.0,0,0,2,1967,86,22.5
Ain't It Funky Now,JAMES BROWN,0.643225006,0.668047162,71,24,11,0.78,0.5660000000000001,4.0,-7.648,0.0445,0.6779999999999999,0.000499,0.121,0.65,113.89200000000001,533040.0,4.0,0,0,1,0,4,59.0,0,3,47,1969,0,23.5
There's No Other (Like My Baby),THE CRYSTALS,0.6458238470000001,0.61397257,101,20,12,0.396,0.365,2.0,-7.985,0.0271,0.44299999999999995,0.0,0.48700000000000004,0.442,91.09899999999999,149722.0,3.0,0,0,0,0,0,55.0,0,2,2,1961,0,19.9
Laugh At Me,SONNY,0.634844422,0.703325353,107,10,11,0.524,0.772,7.0,-8.382,0.0332,0.239,0.0,0.615,0.7290000000000001,108.098,175400.0,4.0,0,0,0,0,3,57.0,0,1,1,1965,0,21.7
Old-Fashion Love,COMMODORES,0.642926491,0.7166394859999999,89,20,16,0.7829999999999999,0.731,0.0,-7.21,0.0366,0.177,0.000105,0.0378,0.95,107.596,297627.0,4.0,0,0,0,1,9,69.0,1,4,9,1980,0,27.4
Mission Bell,DONNIE BROOKS,0.446790105,0.534427937,84,7,20,0.5720000000000001,0.418,2.0,-12.757,0.0528,0.8440000000000001,0.28300000000000003,0.222,0.5920000000000001,81.48100000000001,143960.0,4.0,0,0,0,0,0,12.0,0,1,1,1960,0,19.6
Pepe,DUANE EDDY,0.518765146,0.524880142,95,18,12,0.655,0.677,2.0,-12.470999999999998,0.0279,0.565,0.37200000000000005,0.0682,0.975,98.104,128693.0,4.0,0,0,0,1,2,47.0,0,2,14,1960,0,19.6
Mockingbird,INEZ FOXX with CHARLIE FOXX,0.6364845,0.575302374,122,7,20,0.867,0.467,6.0,-7.627000000000001,0.0382,0.133,0.0,0.107,0.799,118.075,158040.0,4.0,1,0,0,0,0,15.0,0,1,0,1963,0,20.8
Nut Rocker,B. BUMBLE AND THE STINGERS,0.633685704,0.46837332,106,23,12,0.593,0.867,7.0,-8.257,0.0415,0.45,0.965,0.447,0.6659999999999999,98.475,122133.0,4.0,0,0,0,0,0,21.0,0,0,3,1962,0,20.2
Petite Fleur,CHRIS BARBER'S JAZZ BAND,0.282254626,0.5822990020000001,90,5,15,0.7,0.122,8.0,-16.596,0.0381,0.915,0.78,0.133,0.521,112.29,164360.0,4.0,0,0,0,0,0,33.0,0,1,0,1959,0,19.6
Over The Rainbow,DEMENSIONS,0.42511997100000004,0.458626229,104,16,16,0.27,0.495,5.0,-6.485,0.0277,0.7879999999999999,0.0,0.0754,0.223,152.67700000000002,197107.0,3.0,0,0,0,0,0,8.0,0,0,1,1960,0,19.6
Indian Giver,1910 FRUITGUM CO.,0.5448964079999999,0.65855636,85,5,13,0.7340000000000001,0.638,2.0,-8.758,0.0489,0.532,0.004229999999999999,0.11800000000000001,0.5589999999999999,128.05,161893.0,4.0,0,0,0,0,0,31.0,0,2,3,1969,0,23.5
C-I-T-Y,JOHN CAFFERTY &amp; THE BEAVER BROWN BAND,0.544003039,0.6526925920000001,65,18,15,0.517,0.821,5.0,-10.061,0.0437,0.196,0.0,0.10099999999999999,0.925,178.90599999999998,215627.0,4.0,0,0,0,0,0,44.0,0,1,5,1985,0,26.0
The Immigrant,NEIL SEDAKA,0.646934105,0.6039276179999999,83,22,10,0.45899999999999996,0.627,5.0,-7.98,0.0304,0.332,2.07e-06,0.33899999999999997,0.68,120.63,226640.0,4.0,0,0,0,0,5,57.77835159,2,4,15,1975,0,26.7
Bulldog,FIREBALLS,0.634128515,0.532148689,111,24,14,0.514,0.88,9.0,-11.311,0.0395,0.138,0.779,0.175,0.883,158.893,131387.0,4.0,0,0,0,0,0,33.0,0,0,2,1959,0,19.6
Ball Of Fire,TOMMY JAMES AND THE SHONDELLS,0.593642527,0.637769421,82,19,8,0.35200000000000004,0.623,0.0,-10.465,0.0613,0.251,0.0,0.385,0.715,72.555,187667.0,4.0,0,0,0,0,0,56.0,0,1,7,1969,96,23.5
Any Day Now (My Wild Beautiful Bird),CHUCK JACKSON,0.408667874,0.5730598020000001,84,23,12,0.741,0.39299999999999996,7.0,-17.89,0.032,0.6759999999999999,1.3699999999999998e-05,0.43200000000000005,0.8,107.637,203973.0,4.0,0,0,0,0,0,57.77835159,0,0,6,1962,0,20.2
In My Little Corner Of The World,ANITA BRYANT,0.609438346,0.638987613,94,10,14,0.532,0.293,9.0,-11.052,0.0296,0.727,2.92e-06,0.14300000000000002,0.42200000000000004,113.421,150280.0,4.0,0,0,0,0,3,57.77835159,0,1,1,1960,0,19.6
Should I Do It,THE POINTER SISTERS,0.571299927,0.7456728509999999,82,13,16,0.6659999999999999,0.8029999999999999,11.0,-4.636,0.0288,0.126,0.000176,0.609,0.75,130.44299999999998,231600.0,4.0,0,0,0,0,0,67.0,0,0,6,1982,0,27.1
Lie To Me,BROOK BENTON,0.578324525,0.574890644,69,13,10,0.7859999999999999,0.187,10.0,-17.246,0.0614,0.631,0.00713,0.106,0.813,99.00200000000001,131093.0,4.0,0,0,0,0,1,48.0,0,6,20,1962,0,20.2
Venus In Blue Jeans,JIMMY CLANTON,0.388603452,0.6600657839999999,112,7,14,0.514,0.381,1.0,-11.904000000000002,0.0298,0.28600000000000003,2.91e-06,0.0874,0.759,122.34,130493.0,4.0,0,0,0,0,0,57.77835159,0,2,4,1962,0,20.2
"(Theme From) ""Love Story""","HENRY MANCINI, HIS ORCHESTRA AND CHORUS",0.616054303,0.5829907289999999,111,13,13,0.319,0.17800000000000002,9.0,-17.064,0.0294,0.9620000000000001,0.951,0.083,0.122,94.525,171733.0,4.0,0,0,0,0,0,57.77835159,0,0,2,1971,0,24.7
Twine Time,ALVIN CASH,0.5385481910000001,0.507268064,100,14,11,0.637,0.358,10.0,-15.868,0.0406,0.326,0.765,0.153,0.885,124.78399999999999,138840.0,4.0,0,0,0,0,0,13.0,0,0,3,1965,0,21.7
(Loneliness Made Me Realize) It's You That I Need,THE TEMPTATIONS,0.556497429,0.7295536859999999,101,14,10,0.563,0.35200000000000004,0.0,-11.895999999999999,0.0323,0.5770000000000001,0.0,0.24600000000000002,0.965,116.74600000000001,158733.0,4.0,0,0,0,0,0,73.0,1,4,12,1967,11,22.5
On Top Of Spaghetti,TOM GLAZER AND THE DO-RE-MI CHILDREN'S CHORUS,0.326601372,0.37861450700000004,119,14,10,0.344,0.363,0.0,-10.356,0.0342,0.802,0.0,0.365,0.8740000000000001,186.41,156653.0,3.0,0,0,0,0,1,0.0,0,0,1,1963,0,20.8
Bust Out,THE BUSTERS,0.576194371,0.541398504,111,25,12,0.445,0.787,6.0,-10.145,0.0772,0.00812,0.8170000000000001,0.174,0.857,121.47200000000001,152467.0,4.0,0,0,0,0,0,32.0,0,0,1,1963,0,20.8
"Baby, I Love You",ANDY KIM,0.31270763100000004,0.663884448,108,9,17,0.561,0.792,11.0,-6.805,0.13699999999999998,0.645,0.0012,0.0894,0.667,192.05599999999998,222013.0,4.0,0,0,0,0,0,57.77835159,1,1,2,1969,0,23.5
I Love You More And More Every Day,AL MARTINO,0.540487803,0.630650894,124,9,12,0.47600000000000003,0.21899999999999997,8.0,-13.405999999999999,0.0296,0.49200000000000005,0.0,0.201,0.595,103.49600000000001,135333.0,4.0,0,0,0,0,0,57.77835159,0,2,19,1964,0,21.2
Dandy,HERMAN'S HERMITS,0.636942411,0.685297742,89,5,11,0.586,0.609,2.0,-8.558,0.0287,0.0177,0.0,0.12300000000000001,0.556,92.04299999999999,122227.0,4.0,0,0,0,0,0,55.0,2,7,8,1966,0,22.1
High School Dance,THE SYLVERS,0.59885404,0.611196717,73,17,17,0.892,0.9740000000000001,1.0,-3.661,0.0875,0.0873,0.00823,0.0512,0.941,136.22899999999998,229853.0,4.0,0,0,0,0,0,32.0,0,1,3,1977,0,27.3
(Down At) Papa Joe's,THE DIXIEBELLES,0.467010718,0.568406431,90,9,13,0.385,0.855,3.0,-7.666,0.0577,0.354,0.884,0.314,0.97,192.063,135960.0,4.0,0,0,0,0,0,57.77835159,0,1,0,1963,0,20.8
Overnight Sensation,RASPBERRIES,0.641270775,0.712887688,88,18,12,0.293,0.873,5.0,-6.6979999999999995,0.0548,0.5770000000000001,0.233,0.243,0.46799999999999997,100.10600000000001,336560.0,4.0,0,0,0,0,0,54.0,0,0,1,1974,0,26.2
I Think It's Love,JERMAINE JACKSON,0.541067104,0.7001873670000001,74,16,15,0.466,0.899,7.0,-8.125,0.0494,0.35100000000000003,1.73e-05,0.17800000000000002,0.836,127.914,233453.0,4.0,0,0,0,0,5,50.0,0,1,12,1986,0,25.5
This Friendly World,FABIAN,0.319084466,0.529621746,109,12,14,0.575,0.32799999999999996,11.0,-12.0,0.0289,0.875,7.91e-06,0.161,0.614,103.404,122480.0,4.0,0,0,0,0,0,23.0,0,2,5,1959,0,19.6
Heartaches,THE MARCELS,0.647964429,0.657776259,79,7,12,0.529,0.547,9.0,-10.475,0.0522,0.705,0.0,0.154,0.847,141.42,152200.0,4.0,0,0,0,0,0,47.0,0,1,0,1961,0,19.9
Niki Hoeky,P.J. PROBY,0.524051785,0.596293945,121,23,12,0.745,0.623,5.0,-10.017000000000001,0.12,0.413,0.0,0.0448,0.907,79.50399999999999,154187.0,4.0,0,0,0,0,0,28.0,0,0,1,1967,0,22.5
Rock'n Me,THE STEVE MILLER BAND,0.355487075,0.637542782,85,1,18,0.745,0.43200000000000005,4.0,-17.245,0.0674,0.0814,0.628,0.165,0.905,124.227,189579.0,4.0,1,0,0,0,0,42.0,2,1,5,1976,45,26.9
Yesterday's Songs,NEIL DIAMOND,0.641020377,0.709641627,51,11,15,0.529,0.6629999999999999,5.0,-6.957000000000001,0.0271,0.306,8.09e-06,0.14,0.34600000000000003,96.219,168307.0,4.0,0,0,0,1,13,71.0,2,8,28,1981,0,27.3
Desiderata,LES CRANE,0.63745959,0.604085051,87,8,12,0.51,0.282,1.0,-17.311,0.046,0.807,0.0,0.147,0.619,80.024,278960.0,4.0,1,0,0,1,1,13.0,0,1,0,1971,0,24.7
Our Winter Love,BILL PURCELL,0.616722797,0.544165074,105,9,15,0.452,0.10099999999999999,1.0,-18.548,0.0295,0.768,0.9329999999999999,0.122,0.22,76.402,142693.0,4.0,0,0,0,0,0,57.77835159,0,1,0,1963,0,20.8
Neanderthal Man,HOTLEGS,0.551564039,0.485729498,108,22,10,0.7879999999999999,0.43799999999999994,1.0,-14.724,0.17,0.131,0.632,0.168,0.551,72.622,261200.0,4.0,0,0,0,0,0,5.0,0,0,1,1970,56,24.0
Go Home,STEVIE WONDER,0.602734016,0.75099112,67,10,17,0.757,0.499,10.0,-15.897,0.0366,0.163,6.59e-05,0.177,0.847,119.24,318040.0,4.0,0,0,1,25,74,57.77835159,6,12,23,1985,0,26.0
Three Nights A Week,FATS DOMINO,0.538080213,0.63163961,107,15,12,0.355,0.51,5.0,-4.81,0.0286,0.106,0.0,0.0867,0.8170000000000001,71.546,104617.0,4.0,0,0,1,0,0,67.0,0,4,27,1960,0,19.6
Daniel,ELTON JOHN,0.365556955,0.39914867200000004,77,2,15,0.679,0.588,0.0,-8.37,0.0273,0.41600000000000004,3.75e-05,0.0965,0.905,132.225,235547.0,4.0,1,0,0,5,34,81.0,4,15,31,1973,0,25.8
The Kind Of Boy You Can't Forget,THE RAINDROPS,0.539556564,0.458030363,128,17,12,0.552,0.674,7.0,-10.34,0.0644,0.7,0.0,0.29,0.51,100.758,128960.0,4.0,0,0,0,0,0,10.0,0,0,4,1963,0,20.8
I Wish That We Were Married,RONNIE AND THE HI-LITES,0.42680319899999997,0.43754229899999997,82,16,12,0.524,0.341,11.0,-11.59,0.0279,0.8859999999999999,0.00265,0.114,0.293,102.21700000000001,170573.0,3.0,0,0,0,0,0,4.0,0,0,1,1962,0,20.2
Tear Drop,SANTO AND JOHNNY,0.612347879,0.495628489,111,23,12,0.604,0.34700000000000003,10.0,-11.783,0.0268,0.7140000000000001,0.807,0.14400000000000002,0.34299999999999997,93.26899999999999,127293.0,3.0,0,0,0,0,0,57.77835159,0,0,1,1959,0,19.6
Battle Hymn Of The Republic,THE MORMON TABERNACLE CHOIR,0.335431785,0.336220532,102,13,17,0.389,0.142,5.0,-24.31,0.0846,0.953,2.4e-06,0.742,0.152,108.867,771600.0,4.0,0,0,0,0,0,16.0,0,0,2,1959,0,19.6
Point Of No Return,GENE McDANIELS,0.5163011710000001,0.582368373,82,21,10,0.645,0.425,5.0,-8.352,0.0469,0.46,0.0,0.0578,0.885,140.995,138159.0,4.0,0,0,0,0,0,57.77835159,0,3,4,1962,0,20.2
"1, 2, 3, Red Light",1910 FRUITGUM CO.,0.5466129679999999,0.664592168,110,5,15,0.617,0.465,0.0,-15.767999999999999,0.0426,0.0538,0.0,0.11800000000000001,0.9079999999999999,117.428,154293.0,4.0,0,0,0,0,0,31.0,0,2,3,1968,0,23.1
Oh Me Oh My,LULU,0.636323118,0.653283845,131,22,15,0.37200000000000005,0.402,10.0,-9.443999999999999,0.0387,0.65,0.0,0.506,0.649,75.516,160320.0,4.0,0,0,0,0,2,57.77835159,1,0,5,1969,0,23.5
Nothing Can Stop Me,GENE CHANDLER,0.480655269,0.604895938,107,18,13,0.609,0.501,1.0,-9.324,0.0505,0.276,0.0,0.36200000000000004,0.7190000000000001,119.788,179267.0,4.0,0,0,0,0,0,45.0,1,0,13,1965,0,21.7
Making Dreams Come True,CYNDI GRECCO,0.613079995,0.501610508,90,25,12,0.449,0.873,2.0,-7.231,0.127,0.24600000000000002,0.00157,0.128,0.855,162.343,148691.0,4.0,0,0,0,0,0,10.0,0,0,1,1976,0,26.9
Michelle,DAVID &amp; JONATHAN,0.429611685,0.343608665,98,18,9,0.192,0.0275,10.0,-24.67,0.045,0.991,0.9790000000000001,0.0914,0.0532,134.907,274173.0,3.0,0,0,0,0,0,44.0,0,0,1,1966,0,22.1
Hairy The Harry Ape,RAY STEVENS,0.56252149,0.46404423899999997,70,17,9,0.5920000000000001,0.703,5.0,-9.672,0.23600000000000002,0.257,0.0,0.972,0.48700000000000004,88.86,192640.0,4.0,0,0,0,2,12,43.0,2,2,14,1963,0,20.8
Sure As I'm Sittin' Here,THREE DOG NIGHT,0.628953895,0.683969785,88,16,13,0.5489999999999999,0.654,2.0,-13.390999999999998,0.0582,0.0471,0.00374,0.0616,0.929,135.971,185693.0,4.0,0,0,0,0,2,61.0,3,7,9,1974,0,26.2
Laurie (Strange Things Happen),DICKEY LEE,0.593608878,0.552896824,90,14,13,0.6859999999999999,0.486,5.0,-5.771,0.0288,0.687,0.0,0.0922,0.382,119.521,186347.0,4.0,0,0,0,0,1,27.0,0,1,4,1965,0,21.7
Don't Let Go,ISAAC HAYES,0.637478474,0.7108049940000001,81,18,21,0.897,0.525,0.0,-14.304,0.0592,8.840000000000001e-05,0.7090000000000001,0.0612,0.973,135.813,438040.0,4.0,0,0,0,3,14,59.0,1,0,6,1979,0,27.4
Whispering,NINO TEMPO &amp; APRIL STEVENS,0.487976319,0.482997086,80,11,9,0.5,0.44,8.0,-12.117,0.037000000000000005,0.8690000000000001,0.0,0.141,0.602,139.268,145493.0,4.0,0,0,0,1,1,23.0,1,0,5,1963,0,20.8
Shame On Me,BOBBY BARE,0.625712633,0.630977263,110,23,14,0.639,0.315,7.0,-12.517999999999999,0.0258,0.882,0.000839,0.139,0.711,103.976,164800.0,4.0,0,0,0,1,6,52.0,0,1,5,1962,0,20.2
Hourglass,SQUEEZE,0.618751611,0.751601344,81,15,19,0.742,0.5479999999999999,5.0,-11.669,0.0305,0.28800000000000003,0.0,0.33299999999999996,0.965,125.932,197107.0,4.0,0,0,0,0,0,56.0,0,0,3,1987,0,25.0
We Can't Go Wrong,COVER GIRLS,0.597469869,0.707426723,73,8,19,0.5870000000000001,0.409,9.0,-15.075,0.0279,0.0168,0.0353,0.0458,0.449,143.639,316627.0,4.0,0,0,0,0,0,41.0,0,2,5,1989,0,23.9
Brass In Pocket (I'm Special),THE PRETENDERS,0.288944155,0.6736179,92,15,20,0.805,0.441,9.0,-11.33,0.0279,0.007259999999999999,0.743,0.10800000000000001,0.777,99.26299999999999,180299.0,4.0,0,0,0,0,0,41.0,0,1,1,1980,78,27.4
(She's) Sexy + 17,THE STRAY CATS,0.320959124,0.623752375,51,5,15,0.32799999999999996,0.8270000000000001,1.0,-9.506,0.0315,7.64e-05,0.857,0.0704,0.779,179.017,208655.0,4.0,0,0,0,0,0,34.0,0,3,1,1983,0,26.8
There Goes My Baby,DONNA SUMMER,0.552157442,0.67087449,59,21,14,0.79,0.622,10.0,-10.568,0.0408,0.11800000000000001,0.00335,0.0549,0.843,121.221,247360.0,4.0,0,0,0,5,18,67.0,3,8,12,1984,0,26.6
C'mon & Swim,BOBBY FREEMAN,0.6203632179999999,0.6877468809999999,108,5,14,0.507,0.517,0.0,-11.447000000000001,0.0363,0.0982,0.0102,0.319,0.9329999999999999,157.524,168440.0,4.0,0,0,0,0,0,35.0,0,2,4,1964,0,21.2
Hold Her Tight,THE OSMONDS,0.463656556,0.57717424,76,14,9,0.621,0.956,5.0,-9.345,0.0513,0.0276,0.00242,0.183,0.47700000000000004,134.81799999999998,196200.0,4.0,0,0,0,0,0,39.0,0,2,5,1972,7,25.3
Ooh La La (I Can't Get Over You),PERFECT GENTLEMEN,0.6024454770000001,0.73144549,84,10,16,0.639,0.34700000000000003,7.0,-11.425,0.0273,0.478,1.85e-06,0.11900000000000001,0.32899999999999996,136.453,287452.0,4.0,0,0,0,0,0,57.77835159,0,1,0,1990,0,23.5
I Can't Help It (If I'm Still In Love With You),JOHNNY TILLOTSON,0.635673619,0.527977204,80,24,9,0.316,0.309,5.0,-8.255,0.0258,0.7290000000000001,0.0,0.188,0.41700000000000004,91.01299999999999,146907.0,4.0,0,0,0,0,1,49.0,0,3,16,1962,0,20.2
Santa Claus Is Coming To Town,THE FOUR SEASONS,0.6146196660000001,0.5420001870000001,56,23,3,0.7390000000000001,0.525,10.0,-12.855,0.0682,0.615,0.0,0.401,0.888,130.67600000000002,110840.0,4.0,0,0,0,0,0,68.0,1,5,8,1962,0,20.2
Wrap Her Up,ELTON JOHN,0.5741003689999999,0.424533669,53,20,14,0.684,0.885,2.0,-7.936,0.0327,0.0143,0.0222,0.0982,0.902,138.866,381493.0,4.0,0,0,0,5,34,81.0,4,15,31,1985,0,26.0
Easier Said Than Done,THE ESSEX,0.60313065,0.586366586,107,1,14,0.7559999999999999,0.33299999999999996,9.0,-12.162,0.0408,0.7759999999999999,0.0,0.5589999999999999,0.95,134.378,31343.0,4.0,0,0,0,0,0,14.0,1,0,0,1963,1,20.8
Goodbye Cruel World,JAMES DARREN,0.5800193060000001,0.647084836,88,3,17,0.664,0.6579999999999999,0.0,-7.761,0.0328,0.691,0.0,0.136,0.917,117.194,142867.0,4.0,0,0,0,0,1,31.0,0,2,4,1961,0,19.9
A Cowboy's Work Is Never Done,SONNY AND CHER,0.623250235,0.703756745,78,8,13,0.605,0.321,8.0,-14.102,0.0362,0.552,1.26e-05,0.34,0.597,135.461,194733.0,4.0,0,0,0,0,3,57.0,0,3,7,1972,0,25.3
Reminiscing,THE LITTLE RIVER BAND,0.349601911,0.814932265,81,3,20,0.7120000000000001,0.544,7.0,-11.157,0.0381,0.0723,0.271,0.0872,0.299,94.04700000000001,216924.0,4.0,5,0,0,0,0,57.77835159,0,3,5,1978,0,27.3
Quentin's Theme,THE CHARLES RANDOLPH GREAN SOUNDE,0.215352822,0.525944627,135,13,12,0.61,0.0459,7.0,-26.61,0.0463,0.971,0.735,0.114,0.293,98.766,181307.0,3.0,0,0,0,0,0,57.77835159,0,0,1,1969,0,23.5
Walk - Don't Run '64,THE VENTURES,0.639324775,0.635051687,109,8,12,0.485,0.8859999999999999,0.0,-5.332000000000001,0.037000000000000005,4.8700000000000005e-05,0.9109999999999999,0.22899999999999998,0.653,149.07399999999998,149093.0,1.0,0,0,0,0,0,52.0,0,2,2,1964,0,21.2
Love Is A Stranger,THE EURYTHMICS,0.359534426,0.615143262,81,23,13,0.629,0.789,0.0,-6.916,0.0353,2.51e-05,0.11800000000000001,0.12300000000000001,0.162,126.99799999999999,234331.0,4.0,0,0,0,0,0,42.0,1,0,1,1983,0,26.8
South Street,THE ORLONS,0.515941516,0.5887222129999999,76,3,13,0.5429999999999999,0.748,5.0,-6.391,0.17300000000000001,0.131,0.0,0.18899999999999997,0.825,186.454,132133.0,4.0,0,0,0,0,0,31.0,0,3,3,1963,136,20.8
The Runner,MANFRED MANN'S EARTHBAND,0.606801925,0.658672749,86,22,15,0.71,0.37799999999999995,5.0,-13.162,0.068,0.565,0.0,0.146,0.11800000000000001,121.242,282080.0,4.0,0,0,0,0,0,57.77835159,0,0,1,1984,0,26.6
The Worst That Could Happen,BROOKLYN BRIDGE,0.62868565,0.739156066,102,3,13,0.221,0.528,0.0,-8.054,0.0371,0.7040000000000001,1.7199999999999998e-05,0.111,0.40299999999999997,74.442,185059.0,4.0,0,0,0,0,0,57.77835159,0,2,2,1968,0,23.1
Let's Go (Pony),THE ROUTERS,0.5181005089999999,0.41810725200000004,115,19,15,0.8079999999999999,0.9470000000000001,0.0,-11.02,0.0479,0.6609999999999999,0.884,0.0426,0.607,141.334,140053.0,4.0,0,0,0,0,0,14.0,0,0,2,1962,0,20.2
Little Boy Sad,JOHNNY BURNETTE,0.44449746700000003,0.602571172,107,17,11,0.369,0.621,1.0,-9.956,0.107,0.0316,0.17800000000000002,0.0442,0.634,195.30599999999998,129773.0,4.0,1,0,0,0,1,42.0,0,1,2,1961,0,19.9
All My Love,JACKIE WILSON,0.589988046,0.654059856,108,12,14,0.321,0.46799999999999997,2.0,-4.934,0.0317,0.898,8.29e-06,0.113,0.41100000000000003,76.99,125867.0,4.0,0,0,0,0,2,64.0,0,4,28,1960,0,19.6
What A Price,FATS DOMINO,0.535580634,0.592450931,78,22,9,0.36200000000000004,0.56,8.0,-4.944,0.027000000000000003,0.535,0.000103,0.34299999999999997,0.5920000000000001,185.908,141825.0,3.0,0,0,1,0,0,67.0,0,4,27,1961,0,19.9
Take These Chains From My Heart,RAY CHARLES,0.513677257,0.660375079,70,8,11,0.685,0.578,5.0,-7.545,0.0268,0.532,0.0,0.18,0.8059999999999999,109.779,153738.0,4.0,0,0,1,17,37,57.77835159,2,6,18,1963,0,20.8
Struttin',BILLY PRESTON,0.476264332,0.62625741,80,22,10,0.687,0.9440000000000001,11.0,-6.596,0.132,0.47600000000000003,0.861,0.0866,0.635,108.133,155973.0,4.0,0,0,0,2,9,53.0,2,2,8,1974,131,26.2
It's Gonna Be Alright,GERRY AND THE PACEMAKERS,0.623463819,0.604292084,63,23,8,0.42700000000000005,0.8220000000000001,9.0,-6.199,0.0416,0.0933,0.0,0.10400000000000001,0.8809999999999999,99.08200000000001,145640.0,4.0,0,0,0,0,0,52.0,0,3,3,1965,100,21.7
Daughter Of Darkness,TOM JONES,0.630327406,0.6686882670000001,109,13,10,0.488,0.562,9.0,-8.062000000000001,0.0337,0.23800000000000002,0.0,0.215,0.445,119.37799999999999,196040.0,4.0,0,0,0,0,3,64.0,0,2,17,1970,0,24.0
The End Of Our Road,GLADYS KNIGHT AND THE PIPS,0.49792676,0.6220406629999999,68,15,10,0.711,0.629,7.0,-9.683,0.0504,0.251,0.0,0.127,0.888,112.695,138733.0,4.0,0,0,0,7,22,61.0,1,6,25,1968,0,23.1
