expected,predicted,diff
0.8965583359999999,0.82150806,0.07505027599999992
0.7355216790000001,0.740785347,-0.005263667999999888
0.43018304399999996,0.775495832,-0.3453127880000001
0.959125805,0.916822916,0.04230288900000001
0.839631473,0.8804110829999999,-0.040779609999999966
0.8111304909999999,0.786262921,0.02486756999999995
0.863027677,0.783028043,0.0799996340000001
0.934660886,0.9133085329999999,0.021352353000000046
0.930350243,0.911067747,0.019282495999999982
0.7958426190000001,0.8240647740000001,-0.028222155000000027
0.937387713,0.9200281240000001,0.017359588999999898
0.911242219,0.824329467,0.08691275200000004
0.907732028,0.871752995,0.03597903299999994
0.8528685779999999,0.8229788240000001,0.029889753999999824
0.948591271,0.917660448,0.03093082299999994
0.673642793,0.794679383,-0.12103659
0.7821695240000001,0.889399504,-0.10722997999999995
0.938500077,0.9347562640000001,0.0037438129999999292
0.80122715,0.822539809,-0.02131265900000001
0.722991362,0.677793863,0.04519749900000003
0.845119452,0.879485845,-0.034366392999999995
0.895308453,0.8827721690000001,0.012536283999999842
0.9458150259999999,0.9405431940000001,0.00527183199999981
0.945562247,0.960598343,-0.015036095999999999
0.811188217,0.7763798000000001,0.034808416999999925
0.32811048,0.45432083700000003,-0.12621035700000005
0.645328366,0.702216526,-0.056888159999999965
0.8880365809999999,0.93560389,-0.04756730900000006
0.7234879479999999,0.7238135640000001,-0.00032561600000013957
0.8584525340000001,0.7975109570000001,0.060941577000000025
0.8518072590000001,0.816358757,0.03544850200000005
0.7937228909999999,0.839550542,-0.04582765100000008
0.7349474890000001,0.671718901,0.06322858800000009
0.7791529759999999,0.841819773,-0.06266679700000011
0.90019034,0.880645668,0.019544671999999985
0.771766244,0.810317602,-0.03855135799999998
0.7540871690000001,0.7956974040000001,-0.04161023500000005
0.846197237,0.815226872,0.030970365000000055
0.8713393290000001,0.86180172,0.009537609000000113
0.8291677559999999,0.828305521,0.0008622349999999335
0.82747339,0.8475827920000001,-0.02010940200000011
0.872554844,0.882908615,-0.0103537709999999
0.7403485809999999,0.777942134,-0.03759355300000011
0.783730576,0.798882495,-0.015151919000000014
0.900316325,0.7991079209999999,0.10120840400000009
0.934228355,0.93468804,-0.000459685000000043
0.6808170029999999,0.818909824,-0.1380928210000001
0.866829263,0.8948107,-0.027981436999999998
0.822065061,0.7764367390000001,0.04562832199999989
0.8700144479999999,0.858224821,0.01178962699999997
0.970930995,0.937150783,0.03378021200000003
0.779224647,0.772337105,0.00688754200000008
0.924065015,0.933459235,-0.009394220000000009
0.8580430729999999,0.813375208,0.04466786499999997
0.699896953,0.715927078,-0.016030125000000006
0.8809823609999999,0.804217063,0.07676529799999998
0.717845189,0.7085305820000001,0.009314606999999975
0.822912352,0.80655233,0.016360021999999974
0.7551843420000001,0.8232555429999999,-0.06807120099999986
0.878576855,0.854445432,0.02413142300000004
0.7430931040000001,0.740409613,0.0026834910000000933
0.88428697,0.8634527190000001,0.020834250999999915
0.7488602440000001,0.8107129890000001,-0.06185274500000004
0.72081009,0.748543628,-0.027733538000000002
0.933848751,0.9300686779999999,0.0037800730000000504
0.971893508,0.98096654,-0.009073032000000092
0.7910966079999999,0.8515101740000001,-0.06041356600000014
0.782916411,0.827528053,-0.04461164200000001
0.7425810909999999,0.852840942,-0.11025985100000013
0.848904732,0.886906729,-0.038001996999999954
0.6887420329999999,0.905675283,-0.21693325000000008
0.832097327,0.812203358,0.019893969000000067
0.8328810179999999,0.76574127,0.06713974799999989
0.848550252,0.8641538959999999,-0.015603643999999917
0.770021684,0.819395895,-0.049374210999999946
0.8273766459999999,0.811591982,0.015784663999999893
0.731437531,0.841429228,-0.109991697
0.8941632270000001,0.826199254,0.06796397300000001
0.8961431440000001,0.848256153,0.047886991000000045
0.336965047,0.670010096,-0.33304504900000004
0.774257547,0.876370168,-0.10211262099999996
0.907226655,0.901335503,0.005891152000000011
0.7680738509999999,0.8050072359999999,-0.036933384999999985
0.761063059,0.796256992,-0.035193932999999955
0.8656026809999999,0.764709759,0.10089292199999988
0.694514214,0.7268190940000001,-0.03230488000000009
0.847261267,0.860056595,-0.01279532799999994
0.7843533859999999,0.766132239,0.018221146999999882
0.8740371790000001,0.830801487,0.0432356920000001
0.854329549,0.890866017,-0.03653646799999999
0.721406647,0.720014245,0.0013924020000000148
0.7846651509999999,0.828405042,-0.043739891000000086
0.8879957620000001,0.88495773,0.0030380320000000793
0.928355464,0.874652978,0.05370248600000005
0.911368443,0.8811584990000001,0.030209943999999878
0.8712291679999999,0.90892069,-0.03769152200000003
0.917841993,0.9332898059999999,-0.015447812999999866
0.8593917190000001,0.35918246200000004,0.5002092570000001
0.88184805,0.8442420840000001,0.03760596599999988
0.946464676,0.94110689,0.00535778599999992
0.937609012,0.843379969,0.09422904300000001
0.974331492,0.933975243,0.04035624900000001
0.8950986040000001,0.8943701070000001,0.0007284969999999946
0.8684481540000001,0.806870518,0.0615776360000001
0.812688537,0.8703701840000001,-0.057681647000000114
0.764117672,0.824921575,-0.06080390299999994
0.9488072320000001,0.930825573,0.01798165900000004
0.7098887909999999,0.67711206,0.03277673099999989
0.8485582629999999,0.821645601,0.026912661999999976
0.780204325,0.810470978,-0.030266652999999977
0.808817032,0.7666015009999999,0.042215531000000084
0.9097990509999999,0.8630935470000001,0.04670550399999984
0.9073195909999999,0.835391718,0.07192787299999992
0.8417059109999999,0.79786693,0.043838980999999944
0.806680904,0.8156507340000001,-0.008969830000000067
0.824035069,0.827655667,-0.0036205980000000304
0.9404331570000001,0.9131447309999999,0.027288426000000143
0.852022095,0.8270061059999999,0.025015989000000127
0.834970057,0.811798641,0.023171416000000056
0.70937196,0.7673291320000001,-0.05795717200000006
0.8510039229999999,0.86439195,-0.01338802700000008
0.886063622,0.8456073959999999,0.040456226000000095
0.767810902,0.770042131,-0.0022312289999999457
0.922871586,0.844066054,0.07880553199999996
0.802130984,0.8294680740000001,-0.027337090000000064
0.897404887,0.873304527,0.024100359999999932
0.82263118,0.7964220759999999,0.026209104000000094
0.8783248359999999,0.82210468,0.056220155999999855
0.928729296,0.937849525,-0.00912022899999998
0.93186035,0.899900457,0.03195989300000002
0.780736263,0.814802302,-0.03406603900000005
0.8518750979999999,0.8840546159999999,-0.03217951799999996
0.822741121,0.8164040309999999,0.006337090000000045
0.8351565670000001,0.804116655,0.031039912000000114
0.945165415,0.9183362490000001,0.02682916599999985
0.355487075,0.637542782,-0.28205570700000004
0.9293980009999999,0.926249909,0.00314809199999988
0.863608767,0.8496046759999999,0.014004091000000107
0.73405294,0.798982669,-0.06492972900000005
0.85999139,0.782456349,0.07753504099999997
0.9539051470000001,0.9509634290000001,0.002941717999999982
0.690920358,0.7099959259999999,-0.019075567999999987
0.9309707970000001,0.865099405,0.06587139200000003
0.802570378,0.782830866,0.019739512000000015
0.863348601,0.806791156,0.05655744500000004
0.7372571179999999,0.594989211,0.14226790699999992
0.752584736,0.740845531,0.01173920500000003
0.7790199240000001,0.813817717,-0.034797792999999966
0.686261892,0.8099537729999999,-0.12369188099999995
0.81398571,0.861600466,-0.04761475599999998
0.842121772,0.804492194,0.037629578
0.8810409240000001,0.941038327,-0.059997402999999894
0.60313065,0.586366586,0.016764063999999967
0.8887004890000001,0.83796249,0.05073799900000009
0.9083241790000001,0.8610110940000001,0.04731308499999998
0.830018351,0.79543649,0.034581860999999936
0.7787535179999999,0.8422519390000001,-0.06349842100000014
0.8135127609999999,0.770403265,0.043109495999999914
0.9323888770000001,0.939930151,-0.007541273999999931
0.8463104570000001,0.7899390959999999,0.056371361000000175
0.6657926270000001,0.624003371,0.04178925600000005
0.7264908059999999,0.835021226,-0.10853042000000002
0.9309654559999999,0.884645107,0.04632034899999993
0.713626612,0.794918887,-0.08129227500000002
0.933274939,0.936747709,-0.003472770000000014
0.854610674,0.825865431,0.02874524300000003
0.8564888359999999,0.872821816,-0.016332980000000052
0.733423873,0.7599839740000001,-0.026560101000000058
0.780579033,0.7441661,0.036412932999999925
0.899071505,0.8454695520000001,0.053601952999999924
0.7919172870000001,0.83225537,-0.04033808299999997
0.747578856,0.7752675520000001,-0.027688696000000124
0.820575985,0.7853917140000001,0.03518427099999988
0.7960593909999999,0.749104753,0.04695463799999988
0.64105114,0.5582263829999999,0.08282475700000003
0.758381957,0.740708473,0.017673484000000017
0.750354567,0.8349403190000001,-0.08458575200000007
0.933388593,0.9116009,0.02178769299999994
0.959165479,0.882816417,0.07634906200000002
0.84402594,0.7713092309999999,0.07271670900000005
0.85471218,0.7714868509999999,0.08322532900000013
0.963905485,0.947948241,0.01595724399999998
0.750686135,0.8003435720000001,-0.049657437000000026
0.902287156,0.90940767,-0.007120514000000022
0.703066187,0.766598927,-0.06353273999999998
0.70141838,0.640259575,0.06115880500000004
0.685017566,0.797596568,-0.11257900200000004
0.872956967,0.854929443,0.018027524000000072
0.855453041,0.80859676,0.046856280999999944
0.711490341,0.720980645,-0.00949030400000006
0.845021028,0.8069028490000001,0.03811817899999992
0.8350921590000001,0.823716285,0.011375874000000064
0.886559674,0.901069392,-0.014509718000000005
0.742464317,0.7781249809999999,-0.0356606639999999
0.782433762,0.775949948,0.006483814000000088
0.8022629459999999,0.815437685,-0.013174739000000102
0.765907215,0.787344305,-0.021437089999999936
0.95920007,0.9430704190000001,0.016129650999999856
0.8926595270000001,0.8387837570000001,0.05387576999999999
0.8311986240000001,0.822665729,0.008532895000000096
0.917956766,0.8430130109999999,0.07494375500000006
0.822831132,0.755128837,0.06770229500000002
0.753884172,0.732773125,0.021111046999999994
0.8442688620000001,0.783294047,0.060974815000000016
0.880377126,0.837420043,0.04295708300000001
0.7178090859999999,0.7525805870000001,-0.03477150100000015
0.904687108,0.7869802359999999,0.11770687200000007
0.758162206,0.813428028,-0.055265822000000075
0.797806998,0.78389457,0.013912428000000032
0.888298831,0.869759635,0.01853919599999998
0.96199857,0.894664375,0.06733419500000004
0.757460007,0.714257158,0.04320284900000004
0.871783857,0.8548091859999999,0.016974671000000163
0.365556955,0.39914867200000004,-0.03359171700000002
0.835178548,0.74799792,0.08718062800000004
0.8528698659999999,0.8603140640000001,-0.0074441980000001795
0.708506668,0.778227441,-0.06972077300000001
0.697399709,0.7369943870000001,-0.03959467800000005
0.7133090670000001,0.7230729579999999,-0.009763890999999858
0.84332709,0.732316663,0.11101042699999997
0.868322061,0.902713227,-0.03439116600000003
0.672300485,0.688834596,-0.016534111000000018
0.861298758,0.7997576540000001,0.0615411039999999
0.841957227,0.870319418,-0.028362191000000037
0.730005945,0.7249656729999999,0.005040272000000123
0.760075108,0.714981188,0.04509392000000001
0.7865717409999999,0.7598484390000001,0.026723301999999838
0.90192456,0.8721628370000001,0.029761722999999907
0.837150775,0.825185185,0.01196558999999997
0.906199977,0.905481937,0.0007180399999999754
0.86936627,0.881765283,-0.012399013000000014
0.835824276,0.782166299,0.05365797699999997
0.860278102,0.7856866440000001,0.07459145799999989
0.965189031,0.945158065,0.020030965999999983
0.823166,0.760523805,0.0626421949999999
0.706839462,0.772206959,-0.065367497
0.790272192,0.7498234009999999,0.040448791000000095
0.7690358,0.534348148,0.23468765200000008
0.8259632859999999,0.7868323079999999,0.03913097799999998
0.483672347,0.693320387,-0.20964803999999998
0.89988717,0.874877665,0.025009504999999987
0.842448526,0.789902302,0.052546223999999975
0.33905092600000003,0.5668112710000001,-0.22776034500000003
0.817791843,0.7432506990000001,0.07454114399999989
0.678944942,0.670627017,0.008317924999999948
0.762140535,0.80526449,-0.04312395499999999
0.575651932,0.6866950620000001,-0.1110431300000001
0.724481245,0.7117295490000001,0.012751695999999924
0.920174637,0.9023065570000001,0.017868079999999953
0.79633421,0.8263300459999999,-0.029995835999999887
0.8348396220000001,0.8323584890000001,0.0024811329999999687
0.741108951,0.719140198,0.021968753000000008
0.7371001220000001,0.771505874,-0.034405751999999956
0.7378242740000001,0.6926151620000001,0.045209111999999996
0.890285294,0.80152323,0.08876206399999997
0.784409673,0.7452045190000001,0.03920515399999991
0.840820908,0.801325315,0.03949559299999994
0.838803283,0.879655337,-0.040852054000000027
0.788510371,0.811610845,-0.023100474000000037
0.7966894459999999,0.73872326,0.05796618599999992
0.88998056,0.906929497,-0.016948936999999997
0.701175278,0.67916918,0.022006097999999974
0.826132717,0.8744913590000001,-0.04835864200000006
0.7808042709999999,0.7683863120000001,0.012417958999999867
0.392533669,0.616629998,-0.22409632899999998
0.968260903,0.927488027,0.04077287600000001
0.7410736729999999,0.736049218,0.005024454999999928
0.635278194,0.673411037,-0.03813284300000008
0.8533605459999999,0.819864134,0.033496411999999864
0.90387166,0.865279079,0.03859258099999996
0.7418053659999999,0.8694114909999999,-0.12760612500000001
0.802345568,0.780417331,0.021928237000000017
0.785106744,0.799598006,-0.01449126199999995
0.9123276909999999,0.848562623,0.06376506799999992
0.8153648659999999,0.836148242,-0.02078337600000013
0.9108251409999999,0.858621025,0.052204115999999856
0.7125063140000001,0.7973132709999999,-0.08480695699999985
0.834860921,0.817407817,0.017453103999999997
0.777368182,0.813309306,-0.035941123999999935
0.31541617,0.377122256,-0.06170608599999999
0.795358895,0.8127745759999999,-0.017415680999999905
0.8017729579999999,0.804437695,-0.002664737000000028
0.7856113090000001,0.753556585,0.03205472400000009
0.941844241,0.9246466090000001,0.017197631999999907
0.7070322059999999,0.760148787,-0.05311658100000005
0.789900552,0.775829587,0.014070964999999935
0.805688782,0.838489604,-0.03280082200000001
0.7724933070000001,0.7739297340000001,-0.0014364270000000179
0.7717356340000001,0.704645387,0.0670902470000001
0.9159996290000001,0.910204968,0.005794661000000145
0.80791744,0.7551277809999999,0.0527896590000001
0.8773713259999999,0.862974329,0.014396996999999856
0.950284204,0.9016508059999999,0.048633398000000105
0.8445836179999999,0.840582415,0.004001202999999953
0.737016818,0.691279743,0.045737075000000016
0.953452049,0.9404233609999999,0.013028688000000122
0.7625045340000001,0.7668941990000001,-0.0043896650000000426
0.7436488720000001,0.781032154,-0.03738328199999996
0.867110645,0.840169594,0.026941050999999994
0.8309155090000001,0.709777407,0.12113810200000008
0.6783621320000001,0.766159156,-0.08779702399999989
0.5800193060000001,0.647084836,-0.06706552999999993
0.349601911,0.814932265,-0.46533035400000006
0.7995519609999999,0.7956452209999999,0.00390674000000002
0.515941516,0.5887222129999999,-0.0727806969999999
0.62868565,0.739156066,-0.11047041599999996
0.7814058070000001,0.769490518,0.011915289000000051
0.807416335,0.839114867,-0.03169853200000006
0.647539085,0.39416790700000004,0.253371178
0.7477968420000001,0.7097353829999999,0.03806145900000013
0.7632239670000001,0.7100704840000001,0.053153483
0.8346708159999999,0.7954941090000001,0.039176706999999866
0.941954105,0.9292510909999999,0.012703014000000068
0.801748262,0.756538163,0.04521009900000006
0.960785384,0.8851865520000001,0.07559883199999995
0.764607983,0.802927196,-0.03831921299999996
0.787926983,0.78546195,0.0024650330000000054
0.8118853290000001,0.827280419,-0.015395089999999945
0.854525212,0.827753868,0.02677134400000003
0.9098819220000001,0.8069970190000001,0.10288490299999997
0.547987335,0.773681827,-0.22569449200000002
0.878550719,0.857856162,0.020694557000000002
0.317745977,0.739982783,-0.42223680599999996
0.651098508,0.753820513,-0.10272200499999995
0.919355435,0.8616706829999999,0.05768475200000012
0.8245353740000001,0.8596204940000001,-0.03508511999999997
0.7228315209999999,0.769582746,-0.04675122500000006
0.86407494,0.839758599,0.024316340999999908
0.519469165,0.664919948,-0.14545078300000003
0.837312225,0.797302737,0.04000948800000004
0.8709515859999999,0.859083569,0.011868016999999842
0.8866072559999999,0.90296984,-0.016362584000000124
0.9005481790000001,0.885854024,0.014694155000000042
0.696520693,0.775405338,-0.07888464500000003
0.768564012,0.771636125,-0.0030721129999999874
0.335870732,0.717187845,-0.381317113
0.764151475,0.7888959959999999,-0.02474452099999991
0.685016208,0.6807277559999999,0.004288452000000054
0.7322628170000001,0.7194704909999999,0.012792326000000132
0.704179047,0.683866779,0.020312267999999967
0.819153844,0.813339712,0.005814132000000027
0.93491972,0.862187096,0.07273262400000002
0.661119575,0.7467230229999999,-0.08560344799999997
0.919630959,0.761867553,0.15776340600000005
0.908246936,0.8773494620000001,0.03089747399999987
0.894758457,0.8905054259999999,0.004253031000000074
0.7417425679999999,0.75418161,-0.012439042000000011
0.708667321,0.7023736270000001,0.006293693999999905
0.837334702,0.814924975,0.02240972699999999
0.6212718979999999,0.708569564,-0.08729766600000011
0.944433188,0.881757954,0.06267523399999997
0.8874061740000001,0.814579243,0.07282693100000015
0.834700895,0.8161331390000001,0.018567755999999935
0.8682051759999999,0.8223843340000001,0.045820841999999806
0.809183695,0.8389298409999999,-0.029746145999999918
0.748387,0.806899114,-0.058512114000000004
0.82718397,0.844989482,-0.017805512000000023
0.944091735,0.897136417,0.04695531799999997
0.7954457620000001,0.853273643,-0.057827880999999914
0.769489565,0.794056203,-0.02456663800000003
0.9368646979999999,0.902650037,0.034214660999999924
0.7684883229999999,0.714845064,0.05364325899999989
0.754859775,0.757324824,-0.002465048999999997
0.735738278,0.7633673409999999,-0.027629062999999898
0.7062252990000001,0.7050017409999999,0.00122355800000018
0.812381421,0.724007758,0.08837366300000005
0.7572625340000001,0.7313872109999999,0.025875323000000172
0.7196658709999999,0.766496828,-0.04683095700000006
0.943175688,0.869639237,0.07353645099999995
0.617797946,0.729809378,-0.11201143199999997
0.688382279,0.7992902,-0.11090792099999991
0.6648433579999999,0.76142774,-0.09658438200000008
0.8613290490000001,0.857747569,0.0035814800000000258
0.799992348,0.821099902,-0.021107554000000084
0.8252778909999999,0.836902323,-0.011624432000000073
0.91574657,0.898238392,0.01750817800000004
0.8106590490000001,0.83167785,-0.021018800999999976
0.805378995,0.7469882859999999,0.058390709000000096
0.9498034590000001,0.929542511,0.020260948000000112
0.701853453,0.680086548,0.021766905000000003
0.743070937,0.718502483,0.024568454000000073
0.7363045709999999,0.720126278,0.016178292999999955
0.816886053,0.819575121,-0.0026890680000000167
0.694282967,0.762028328,-0.06774536099999995
0.94967146,0.934417422,0.015254038000000025
0.854239298,0.856079822,-0.00184052400000001
0.72636658,0.7533285409999999,-0.026961960999999923
0.7963779190000001,0.7705498129999999,0.025828106000000184
0.807238648,0.75171174,0.05552690800000004
0.606026373,0.6497441310000001,-0.043717758000000106
0.730018037,0.7590791440000001,-0.029061107000000086
0.8296488409999999,0.8339308940000001,-0.004282053000000174
0.678148119,0.784697518,-0.10654939899999993
0.865837847,0.868288185,-0.002450338000000052
0.894648815,0.882760532,0.011888283
0.8687206340000001,0.828816885,0.039903749000000155
0.802972603,0.823756818,-0.02078421500000005
0.7089593890000001,0.7179236590000001,-0.008964269999999996
0.76310207,0.783779055,-0.020676985000000037
0.92204107,0.889511058,0.03253001200000005
0.807089175,0.795074208,0.012014967000000043
0.807826032,0.791296925,0.016529106999999987
0.758694575,0.76350047,-0.004805894999999949
0.785445721,0.742680218,0.04276550300000004
0.89733495,0.794572031,0.10276291900000001
0.546317365,0.666071175,-0.11975380999999996
0.741390711,0.723340449,0.018050261999999928
0.641788974,0.736061775,-0.09427280100000002
0.8054236359999999,0.833042608,-0.027618972000000075
0.282254626,0.5822990020000001,-0.30004437600000006
0.5448964079999999,0.65855636,-0.11365995200000001
0.755193702,0.699500497,0.05569320499999997
0.884746383,0.897482324,-0.012735941000000084
0.651781215,0.685397512,-0.03361629700000002
0.656508316,0.638857606,0.01765071000000007
0.9258622120000001,0.894614412,0.031247800000000048
0.636942411,0.685297742,-0.048355331
0.823681068,0.8271768759999999,-0.0034958079999999336
0.755193537,0.699500497,0.05569303999999997
0.83780094,0.79622649,0.04157445000000004
0.76945976,0.728771706,0.040688054000000085
0.5466129679999999,0.664592168,-0.11797920000000006
0.770893396,0.7775030190000001,-0.00660962300000012
0.783594212,0.726594367,0.05699984499999999
0.679148242,0.7389966290000001,-0.05984838700000006
0.862644469,0.8019538079999999,0.06069066100000009
0.815661385,0.775943866,0.03971751899999998
0.88869407,0.867971478,0.02072259200000004
0.9067290379999999,0.874673919,0.03205511899999991
0.847254673,0.890195181,-0.04294050799999993
0.320959124,0.623752375,-0.30279325100000004
0.6203632179999999,0.6877468809999999,-0.06738366299999998
0.725212744,0.791380023,-0.06616727899999997
0.946059907,0.885612772,0.060447134999999985
0.941396916,0.909023459,0.03237345699999994
0.824512962,0.819548097,0.0049648650000000405
0.822761362,0.777920277,0.04484108500000006
0.650629322,0.662040483,-0.011411160999999947
0.6196703729999999,0.612609897,0.007060475999999927
0.7698818740000001,0.7770404740000001,-0.007158600000000015
0.969404437,0.85275178,0.11665265700000005
0.7609002029999999,0.769465118,-0.008564915000000006
0.89003837,0.87281093,0.017227439999999983
0.595579371,0.704463208,-0.10888383699999993
0.8451231309999999,0.868666437,-0.023543306000000097
0.805757252,0.7692950120000001,0.03646223999999998
0.708343946,0.724446072,-0.01610212600000005
0.925374433,0.934185598,-0.00881116500000001
0.758968304,0.807819987,-0.04885168299999998
0.321025921,0.63699243,-0.31596650900000006
0.51324566,0.691170618,-0.17792495799999997
0.8506449,0.8302317220000001,0.020413177999999976
0.6988002409999999,0.668958034,0.029842206999999954
0.73460774,0.805629925,-0.07102218500000002
0.651951125,0.7200702959999999,-0.06811917099999998
0.7443480170000001,0.745644933,-0.0012969159999999258
0.715335408,0.742701128,-0.027365720000000038
0.84501907,0.814683988,0.030335082000000013
0.954886754,0.903891062,0.05099569199999998
0.907060857,0.921032113,-0.013971255999999932
0.867952341,0.849596184,0.01835615699999993
0.710446932,0.6849682009999999,0.025478731000000088
0.800846981,0.830148153,-0.029301172000000042
0.7259536109999999,0.7505433340000001,-0.024589723000000174
0.841246768,0.828007617,0.013239150999999949
0.969919865,0.949148647,0.020771218000000036
0.914390477,0.831326432,0.08306404499999998
0.89024258,0.865985837,0.024256743000000025
0.8048485540000001,0.811682019,-0.0068334649999999275
0.816434452,0.793185398,0.02324905399999999
0.884561678,0.8402930959999999,0.044268582000000056
0.690998599,0.757497871,-0.06649927199999994
0.7497884090000001,0.6562145389999999,0.09357387000000017
0.749539629,0.745551594,0.003988035000000001
0.7037754420000001,0.795860282,-0.09208483999999995
0.6972315840000001,0.7853453029999999,-0.08811371899999987
0.748941194,0.7446709309999999,0.004270263000000107
0.688378354,0.703508858,-0.015130503999999934
0.823593402,0.844297613,-0.020704210999999972
0.8006013240000001,0.786164812,0.014436512000000068
0.969764947,0.9443775179999999,0.025387429000000128
0.8279433340000001,0.84432747,-0.016384135999999883
0.83848786,0.740390738,0.09809712199999998
0.8001570590000001,0.815002702,-0.014845642999999908
0.857121347,0.8639403309999999,-0.006818983999999917
0.837314951,0.8571576879999999,-0.019842736999999944
0.719347618,0.7841559840000001,-0.06480836600000006
0.861345613,0.84732734,0.014018273000000026
0.938455697,0.909379733,0.02907596400000001
0.894290732,0.8357827390000001,0.05850799299999987
0.7979750459999999,0.767549266,0.030425779999999958
0.651374734,0.6983446729999999,-0.046969938999999905
0.795242681,0.7668914090000001,0.028351271999999872
0.8512587340000001,0.792956118,0.058302616000000085
0.945477343,0.89175635,0.053720992999999995
0.76897345,0.785282503,-0.016309053000000073
0.821457503,0.831901315,-0.010443811999999997
0.5753601420000001,0.641276039,-0.06591589699999989
0.719130307,0.641769082,0.07736122499999998
0.869814828,0.845628075,0.02418675299999995
0.813243261,0.792518981,0.02072428000000004
0.685887555,0.691870201,-0.00598264599999998
0.667158131,0.720505837,-0.05334770600000005
0.79692289,0.8240523479999999,-0.027129457999999884
0.706174282,0.700333227,0.005841054999999984
0.7877780209999999,0.788138662,-0.0003606410000001059
0.767994155,0.745421564,0.022572590999999975
0.8550226590000001,0.79014766,0.06487499900000004
0.697897546,0.613492179,0.08440536700000001
0.7632845429999999,0.6561148410000001,0.10716970199999987
0.7863294270000001,0.893368222,-0.10703879499999991
0.796281937,0.787919855,0.008362082000000104
0.697841761,0.718726483,-0.020884722000000022
0.7502753809999999,0.787601013,-0.03732563200000005
0.7057175379999999,0.686657629,0.019059908999999875
0.813893192,0.789705806,0.024187386000000033
0.749208302,0.6776095809999999,0.07159872100000009
0.868232585,0.8561502540000001,0.01208233099999989
0.802387999,0.815229291,-0.012841291999999949
0.9346061729999999,0.925089128,0.009517044999999946
0.5964148920000001,0.65338655,-0.056971657999999925
0.811294195,0.834982553,-0.02368835800000002
0.770845085,0.7327099770000001,0.03813510799999997
0.777391728,0.795823455,-0.018431726999999953
0.832256058,0.8745996159999999,-0.04234355799999989
0.852208174,0.817276035,0.03493213900000003
0.557926563,0.609938792,-0.05201222900000002
0.5465840270000001,0.6744073840000001,-0.12782335700000003
0.8747220379999999,0.836704105,0.03801793299999989
0.8881664229999999,0.808808564,0.07935785899999992
0.823381423,0.766129849,0.057251573999999916
0.836692485,0.707202667,0.12948981800000003
0.9130420290000001,0.8016752070000001,0.11136682200000003
0.446790105,0.534427937,-0.08763783200000003
0.6364845,0.575302374,0.06118212600000006
0.8933738990000001,0.915464499,-0.02209059999999996
0.388603452,0.6600657839999999,-0.2714623319999999
0.89819924,0.8403461740000001,0.05785306599999984
0.7974050709999999,0.718817741,0.07858732999999996
0.647964429,0.657776259,-0.009811830000000077
0.885123567,0.8512811290000001,0.033842437999999975
0.7242424270000001,0.806237855,-0.08199542799999993
0.786212885,0.795172074,-0.008959189000000034
0.79456801,0.882398419,-0.08783040900000005
0.8969302020000001,0.896127998,0.0008022040000000841
0.609495266,0.567007953,0.04248731300000008
0.678503248,0.680546821,-0.0020435730000000207
0.676389024,0.585422138,0.09096688600000002
0.71583096,0.659052641,0.056778318999999966
0.8769014479999999,0.899736868,-0.02283542000000005
0.434548372,0.7051682909999999,-0.2706199189999999
0.7921695470000001,0.783927609,0.00824193800000006
0.681668594,0.5877345079999999,0.09393408600000008
0.829772492,0.752852603,0.07691988900000002
0.793415856,0.798120072,-0.004704216000000039
0.7286464309999999,0.757652951,-0.029006520000000036
0.9074732990000001,0.8532545220000001,0.054218776999999996
0.710033096,0.7054371359999999,0.0045959600000000655
0.723419613,0.669193673,0.05422594000000003
0.8662938920000001,0.8969169490000001,-0.03062305700000001
0.729241244,0.752389086,-0.023147841999999974
0.935269207,0.8722988840000001,0.06297032299999994
0.632937116,0.717193492,-0.08425637600000002
0.81605973,0.757798383,0.05826134699999996
0.711755923,0.7470551040000001,-0.03529918100000007
0.8214985659999999,0.809062802,0.012435763999999905
0.754921211,0.761985847,-0.0070646360000000685
0.894989391,0.897986222,-0.002996831000000033
0.7161482370000001,0.779629149,-0.06348091199999994
0.786659462,0.7697988370000001,0.016860624999999962
0.654016299,0.631787725,0.022228574
0.832260102,0.815425982,0.016834119999999952
0.6852973059999999,0.6219013179999999,0.06339598800000001
0.643729856,0.657757668,-0.014027812000000028
0.59427563,0.736563034,-0.14228740399999995
0.764425655,0.790497763,-0.026072107999999927
0.834062405,0.8510406140000001,-0.016978209000000133
0.814609398,0.737212242,0.07739715599999997
0.9246163620000001,0.912885616,0.011730746000000125
0.778840565,0.8006368709999999,-0.021796305999999932
0.741545314,0.684956047,0.056589267
0.829118868,0.796514935,0.032603932999999974
0.63745959,0.604085051,0.03337453899999998
0.746613161,0.625120447,0.12149271399999995
0.8598494609999999,0.8756475440000001,-0.015798083000000185
0.7222662540000001,0.743771538,-0.021505283999999847
0.766648808,0.795501135,-0.028852326999999955
0.830830362,0.8223617590000001,0.008468602999999963
0.597469869,0.707426723,-0.10995685399999999
0.77973117,0.7996381859999999,-0.01990701599999989
0.81068405,0.6698120710000001,0.14087197899999993
0.731317268,0.67944752,0.05186974799999999
0.842714938,0.883419084,-0.04070414600000005
0.623250235,0.703756745,-0.08050650999999998
0.808819235,0.801005262,0.007813972999999974
0.639324775,0.635051687,0.004273087999999925
0.786437597,0.707118241,0.07931935600000006
0.513677257,0.660375079,-0.14669782200000003
0.779794643,0.647592423,0.13220222000000004
0.911650321,0.922147472,-0.010497151000000038
0.8318379340000001,0.7304175509999999,0.10142038300000011
0.790359804,0.71604387,0.07431593400000003
0.7247965390000001,0.661951135,0.06284540400000005
0.762367528,0.763856225,-0.0014886970000000943
0.532501999,0.553128236,-0.020626237000000103
0.773790271,0.774270193,-0.0004799220000000215
0.817891321,0.797651718,0.02023960299999994
0.712929079,0.670455205,0.04247387400000002
0.68120241,0.681161803,4.060700000008133e-05
0.706663198,0.733913809,-0.027250611000000036
0.730314985,0.64052169,0.089793295
0.809040795,0.768900406,0.040140389000000054
0.808283695,0.750486408,0.057797286999999975
0.78612162,0.832828957,-0.04670733700000007
0.856808811,0.797926371,0.05888243999999998
0.632129603,0.652358019,-0.020228416000000027
0.563519969,0.719116985,-0.15559701599999998
0.8278443459999999,0.745766652,0.08207769399999987
0.70003439,0.673640102,0.026394287999999988
0.762230078,0.798442155,-0.036212077000000065
0.757646191,0.738004325,0.019641865999999952
0.779245553,0.711114499,0.06813105399999997
0.872797229,0.841237817,0.03155941200000001
0.723837554,0.703495302,0.02034225200000006
0.7831785720000001,0.773167026,0.010011546000000093
0.365036566,0.711287727,-0.346251161
0.841163213,0.820934675,0.020228538000000018
0.734177675,0.739720472,-0.005542797000000044
0.7648125570000001,0.780441653,-0.015629095999999953
0.248328995,0.559201037,-0.310872042
0.60579064,0.649724496,-0.04393385599999999
0.840913482,0.827603482,0.013310000000000044
0.8367319540000001,0.7494525329999999,0.08727942100000019
0.921602107,0.924408028,-0.002805920999999989
0.82003177,0.736554513,0.08347725700000008
0.719608272,0.657120217,0.06248805499999999
0.749112405,0.769005355,-0.01989295000000002
0.680086472,0.640002626,0.040083846000000034
0.77355457,0.781790691,-0.00823612099999993
0.31270763100000004,0.663884448,-0.351176817
0.540487803,0.630650894,-0.09016309099999997
0.880391833,0.904832462,-0.02444062899999999
0.467010718,0.568406431,-0.101395713
0.855566205,0.821425981,0.03414022400000005
0.616722797,0.544165074,0.07255772299999996
0.810541044,0.805614767,0.0049262770000000344
0.706698017,0.6884313790000001,0.018266637999999946
0.846005401,0.795799458,0.05020594300000003
0.774004615,0.761228667,0.012775947999999926
0.914438761,0.874872095,0.03956666600000003
0.715344194,0.7152647529999999,7.944100000012444e-05
0.8669139570000001,0.8770087790000001,-0.010094822000000003
0.730506482,0.72248085,0.00802563200000006
0.424313939,0.389675363,0.034638575999999976
0.45852809200000005,0.454162455,0.004365637000000033
0.717021508,0.80441354,-0.08739203200000001
0.8289632370000001,0.794925068,0.03403816900000012
0.621364326,0.6778198040000001,-0.05645547800000006
0.6912725670000001,0.6971712040000001,-0.00589863700000004
0.7526227240000001,0.80495082,-0.05232809599999988
0.797915223,0.8262111999999999,-0.028295976999999972
0.661592116,0.616004706,0.045587409999999995
0.7137182209999999,0.74213893,-0.028420709000000044
0.865329718,0.921060343,-0.05573062499999992
0.864331662,0.78273523,0.081596432
0.79905134,0.783342326,0.01570901400000002
0.698004046,0.731296618,-0.03329257200000002
0.75518474,0.731331258,0.023853482000000037
0.797708493,0.7319814370000001,0.06572705599999995
0.7969679340000001,0.768632402,0.028335532000000052
0.562885979,0.636362412,-0.07347643299999995
0.79689134,0.797363437,-0.00047209700000006016
0.820728683,0.7938557740000001,0.026872908999999945
0.595107584,0.66455283,-0.06944524600000002
0.9259952229999999,0.9087169540000001,0.017278268999999846
0.8724122740000001,0.753574629,0.11883764500000005
0.816149259,0.788013187,0.028136072000000012
0.860467931,0.833558438,0.026909493000000007
0.70819628,0.743670504,-0.035474224
0.6739899290000001,0.740538186,-0.06654825699999989
0.7515147329999999,0.72457403,0.026940702999999955
0.64089105,0.6938030340000001,-0.05291198400000008
0.44981777700000003,0.6767901709999999,-0.2269723939999999
0.716574493,0.776529798,-0.059955305000000014
0.634844422,0.703325353,-0.06848093099999997
0.76348936,0.7336454109999999,0.029843949000000092
0.7847477340000001,0.791181536,-0.0064338019999998775
0.895763531,0.82860721,0.06715632099999991
0.609438346,0.638987613,-0.029549266999999935
0.8293505179999999,0.864211728,-0.03486121000000009
0.700719825,0.704412246,-0.0036924210000000013
0.682913076,0.732780035,-0.049866959000000044
0.655456061,0.7620667190000001,-0.10661065800000014
0.602734016,0.75099112,-0.14825710400000003
0.8353285009999999,0.8536718640000001,-0.018343363000000168
0.771072181,0.75972756,0.011344621
0.8464278390000001,0.741218293,0.1052095460000001
0.779283884,0.778389008,0.0008948760000000444
0.904088448,0.9137939070000001,-0.009705459000000083
0.80443141,0.73700358,0.06742782999999997
0.6024454770000001,0.73144549,-0.12900001299999997
0.724202705,0.74536928,-0.021166575000000076
0.7386764640000001,0.7301912770000001,0.008485187000000005
0.705382035,0.69092094,0.014461094999999924
0.551829941,0.695321082,-0.14349114099999993
0.704017343,0.749203924,-0.04518658100000006
0.76489618,0.7762315129999999,-0.011335332999999892
0.9241620970000001,0.922076545,0.002085552000000046
0.669985475,0.751542677,-0.08155720199999994
0.849658175,0.857682086,-0.008023910999999995
0.816548067,0.815734403,0.0008136640000000472
0.804101352,0.760032598,0.04406875399999999
0.491100431,0.730226426,-0.23912599499999998
0.636496263,0.637912085,-0.001415822000000011
0.85719655,0.896011542,-0.03881499200000005
0.8739523240000001,0.749567821,0.12438450300000015
0.6936488470000001,0.690723234,0.002925613000000049
0.583374732,0.607791807,-0.02441707500000001
0.737350532,0.718597032,0.01875349999999998
0.7214887,0.834539143,-0.113050443
0.7583364990000001,0.7025190379999999,0.05581746100000018
0.877022036,0.853620865,0.023401170999999943
0.670617725,0.6911011640000001,-0.020483439000000048
0.7332423259999999,0.7441542640000001,-0.010911938000000121
0.8102272890000001,0.84273983,-0.032512540999999895
0.87373234,0.82015982,0.05357252000000001
0.78052978,0.760061386,0.020468394
0.678403553,0.668156825,0.010246728000000038
0.648994238,0.721596975,-0.07260273699999997
0.7580085240000001,0.749151702,0.008856822000000042
0.80894119,0.8386314579999999,-0.029690267999999964
0.589323291,0.571884414,0.01743887700000002
0.831736756,0.7907667420000001,0.04097001399999989
0.802143827,0.791007056,0.01113677099999999
0.7082341409999999,0.628970286,0.07926385499999988
0.763213028,0.778151695,-0.014938667000000017
0.676432193,0.7112256709999999,-0.03479347799999988
0.641020377,0.709641627,-0.06862124999999997
0.796098972,0.8205036509999999,-0.024404678999999874
0.88210237,0.867579332,0.014523037999999988
0.487976319,0.482997086,0.004979232999999972
0.7811512840000001,0.7536735940000001,0.02747769
0.705617985,0.746221007,-0.0406030220000001
0.509154961,0.611432737,-0.10227777599999999
0.706606143,0.7342749479999999,-0.027668804999999908
0.696104908,0.70907644,-0.012971532000000008
0.8967231390000001,0.913567487,-0.016844347999999898
0.871215959,0.8234720190000001,0.04774393999999993
0.8472656059999999,0.815893801,0.03137180499999992
0.610828215,0.63159331,-0.02076509500000001
0.543097037,0.649838206,-0.10674116899999997
0.72860162,0.7156866,0.01291502
0.7721989029999999,0.800400764,-0.028201861000000106
0.888904527,0.9037412459999999,-0.014836718999999943
0.725270867,0.716690917,0.008579950000000003
0.520232228,0.5885350739999999,-0.06830284599999992
0.613836527,0.653547416,-0.03971088899999997
0.700178209,0.718782525,-0.0186043159999999
0.818727271,0.7445927240000001,0.07413454699999988
0.708711399,0.7372997929999999,-0.028588393999999906
0.855486992,0.8680733,-0.012586308000000046
0.8813346190000001,0.853010102,0.02832451700000005
0.933977295,0.878420172,0.05555712300000004
0.830751925,0.754083539,0.07666838599999992
0.35596144,0.581300381,-0.22533894100000001
0.488024213,0.664126466,-0.17610225300000004
0.920535312,0.914486487,0.006048825000000035
0.7829437709999999,0.810553902,-0.027610131000000093
0.881248842,0.8606792529999999,0.020569589000000055
0.701008796,0.7461888520000001,-0.04518005600000008
0.9187638140000001,0.78870289,0.13006092400000002
0.80380172,0.752507038,0.05129468200000009
0.6815043890000001,0.646360382,0.03514400700000009
0.7834698179999999,0.75227103,0.031198787999999977
0.862927577,0.7885151429999999,0.07441243400000008
0.8592435270000001,0.851544317,0.007699210000000067
0.8121680990000001,0.748750737,0.06341736200000003
0.670599216,0.722570332,-0.05197111599999993
0.7607522259999999,0.627547913,0.1332043129999999
0.859636776,0.925210392,-0.065573616
0.777416477,0.7555632290000001,0.021853247999999992
0.8618985029999999,0.7480337579999999,0.11386474499999999
0.6631630860000001,0.712941687,-0.04977860099999998
0.319084466,0.529621746,-0.21053728
0.8350302140000001,0.8072807959999999,0.027749418000000192
0.810781017,0.806018166,0.004762851000000068
0.696109712,0.7937595559999999,-0.09764984399999987
0.824791123,0.7313036890000001,0.09348743399999992
0.9341492020000001,0.9511963440000001,-0.017047142000000015
0.67215983,0.710704131,-0.03854430099999995
0.786542893,0.7458134270000001,0.040729465999999936
0.589988046,0.654059856,-0.06407181000000006
0.7969277859999999,0.735880777,0.06104700899999993
0.5232631529999999,0.6788643659999999,-0.15560121299999996
0.788820173,0.742305085,0.04651508799999993
0.508178379,0.777790543,-0.269612164
0.685258905,0.737326301,-0.05206739599999999
0.776605091,0.7864801920000001,-0.009875101000000108
0.873868008,0.878376926,-0.004508917999999973
0.7648266440000001,0.7942411159999999,-0.029414471999999803
0.740420075,0.725211175,0.01520889999999997
0.8754995190000001,0.796855015,0.07864450400000011
0.526974951,0.6168623870000001,-0.08988743600000004
0.40896517,0.5055670489999999,-0.09660187899999995
0.5790307020000001,0.678189487,-0.09915878499999997
0.833688995,0.88064498,-0.04695598499999998
0.682335624,0.7285639429999999,-0.04622831899999991
0.8834137240000001,0.898369023,-0.014955298999999922
0.70289944,0.610518749,0.09238069100000001
0.7936555240000001,0.7438588709999999,0.049796653000000135
0.634213838,0.768157822,-0.13394398400000007
0.856731382,0.905143274,-0.04841189200000007
0.766305812,0.8064717770000001,-0.040165965000000026
0.712776097,0.6177220929999999,0.09505400400000008
0.638390493,0.694112148,-0.05572165500000004
0.885750261,0.736983265,0.14876699599999998
0.74462076,0.792403385,-0.04778262499999997
0.779538505,0.7187625440000001,0.060775960999999934
0.571299927,0.7456728509999999,-0.17437292399999993
0.578324525,0.574890644,0.003433880999999972
0.616054303,0.5829907289999999,0.03306357400000004
0.804107605,0.779375315,0.02473228999999999
0.758439575,0.821745918,-0.06330634299999993
0.838079676,0.865809578,-0.02772990200000003
0.8371579509999999,0.7670253990000001,0.07013255199999979
0.335431785,0.336220532,-0.0007887470000000341
0.7435864040000001,0.7608791090000001,-0.01729270500000002
0.215352822,0.525944627,-0.310591805
0.780069274,0.659226302,0.12084297200000005
0.766432856,0.758344373,0.00808848299999998
0.907378183,0.8899824359999999,0.017395747000000017
0.630327406,0.6686882670000001,-0.038360861000000024
0.7603760959999999,0.668820792,0.09155530399999989
0.675402301,0.604466838,0.07093546299999998
0.697397756,0.7436639979999999,-0.04626624199999996
0.83438351,0.761320551,0.07306295900000004
0.7287436970000001,0.677277056,0.05146664100000009
0.722031957,0.727103396,-0.005071438999999955
0.31560711199999997,0.7335388509999999,-0.41793173899999997
0.7652963840000001,0.754341231,0.010955153000000162
0.872555759,0.797286457,0.07526930200000004
0.860372102,0.754850825,0.10552127700000002
0.692883673,0.710132828,-0.017249155000000016
0.6909664959999999,0.7772598820000001,-0.08629338600000014
0.9178133690000001,0.894164414,0.023648955000000083
0.710085005,0.721344331,-0.011259325999999903
0.8107933909999999,0.76893452,0.041858870999999964
0.7593385,0.591389685,0.16794881500000003
0.838883594,0.768484376,0.07039921800000004
0.738011345,0.729214165,0.00879717999999996
0.87307492,0.8330892259999999,0.03998569400000007
0.7285392279999999,0.732111669,-0.003572441000000093
0.660145587,0.6668203229999999,-0.006674735999999903
0.781812827,0.731501609,0.050311217999999935
0.7045473870000001,0.735165416,-0.03061802899999988
0.40283859,0.429915035,-0.027076445000000005
0.8574286520000001,0.829717134,0.027711518000000046
0.788383255,0.8385467040000001,-0.05016344900000014
0.77053095,0.79330491,-0.022773959999999982
0.7739077409999999,0.743717359,0.030190381999999905
0.7708338109999999,0.7747309440000001,-0.0038971330000001636
0.825640041,0.791903105,0.03373693599999994
0.831099767,0.7168049129999999,0.11429485400000006
0.789459365,0.678470109,0.11098925599999998
0.690084749,0.719401691,-0.0293169419999999
0.730279353,0.763312236,-0.03303288299999996
0.9166451109999999,0.909856564,0.006788546999999867
0.5385481910000001,0.507268064,0.031280127000000046
0.556497429,0.7295536859999999,-0.17305625699999994
0.326601372,0.37861450700000004,-0.052013135000000044
0.861122114,0.807650139,0.053471975000000005
0.73029309,0.7441044490000001,-0.013811359000000079
0.593608878,0.552896824,0.040712054
0.808306007,0.7230569659999999,0.08524904100000008
0.463656556,0.57717424,-0.11351768399999995
0.699998956,0.66674735,0.03325160599999999
0.71173349,0.6364964879999999,0.07523700200000005
0.578085846,0.6798213879999999,-0.1017355419999999
0.792703715,0.784077356,0.008626359000000083
0.7087665320000001,0.731637685,-0.022871152999999977
0.76130433,0.703180315,0.05812401499999997
0.7818553140000001,0.635883368,0.14597194600000007
0.8940772159999999,0.8959821659999999,-0.0019049500000000164
0.640833058,0.73408363,-0.09325057199999998
0.751518105,0.75418252,-0.00266441499999992
0.78988304,0.844514559,-0.05463151900000007
0.7288521640000001,0.6552618610000001,0.07359030300000002
0.823181017,0.7337267390000001,0.08945427799999994
0.766753059,0.713742069,0.05301098999999998
0.6789509779999999,0.7021320240000001,-0.02318104600000015
0.646547125,0.691589413,-0.045042287999999986
0.835053102,0.877885887,-0.042832784999999984
0.84979546,0.887059301,-0.03726384100000002
0.732279435,0.7658003859999999,-0.033520950999999855
0.614343548,0.6907712359999999,-0.07642768799999988
0.8607274570000001,0.885455342,-0.024727884999999894
0.773431808,0.775775917,-0.0023441090000000386
0.673205487,0.6290970779999999,0.044108409000000126
0.714925363,0.643104391,0.07182097199999993
0.7148530790000001,0.778369214,-0.06351613499999997
0.7850753629999999,0.7561358640000001,0.028939498999999813
0.7746543909999999,0.744469422,0.030184968999999895
0.6362176860000001,0.714772414,-0.07855472799999996
0.327566645,0.757607445,-0.4300408
0.891150233,0.885336357,0.00581387599999994
0.68950662,0.6238173020000001,0.06568931799999989
0.8431976729999999,0.7892740159999999,0.053923657000000014
0.770605275,0.748784663,0.02182061199999996
0.8334219820000001,0.768139617,0.06528236500000006
0.883637366,0.8662644840000001,0.017372881999999867
0.8268654209999999,0.802492975,0.02437244599999988
0.538080213,0.63163961,-0.09355939700000004
0.746224872,0.668192754,0.07803211799999998
0.799972201,0.631753494,0.16821870699999997
0.8053114790000001,0.6954849240000001,0.10982655500000005
0.661872414,0.709645248,-0.047772833999999986
0.7534537170000001,0.745020667,0.008433050000000053
0.793665658,0.80883963,-0.015173972000000036
0.618751611,0.751601344,-0.13284973300000003
0.288944155,0.6736179,-0.384673745
0.684179871,0.723830365,-0.03965049399999998
0.705364303,0.6253455170000001,0.0800187859999999
0.761343258,0.735875908,0.02546735
0.709072076,0.834242261,-0.125170185
0.49792676,0.6220406629999999,-0.12411390299999991
0.333685317,0.480878579,-0.147193262
0.659945219,0.6901887459999999,-0.03024352699999988
0.6743028090000001,0.579245357,0.09505745200000004
0.842536747,0.7836573020000001,0.058879444999999975
0.46086884,0.588452815,-0.12758397500000002
0.7385553020000001,0.7476828259999999,-0.009127523999999831
0.679272689,0.6925604870000001,-0.013287798000000017
0.791148944,0.882801177,-0.09165223300000003
0.633375971,0.797847018,-0.16447104700000004
0.535177599,0.572942352,-0.03776475300000004
0.9440443690000001,0.9221857720000001,0.021858597000000035
0.7888836859999999,0.7533217759999999,0.035561909999999974
0.8937866170000001,0.852217797,0.04156882000000006
0.8913561240000001,0.85247976,0.03887636400000005
0.814359975,0.7956137459999999,0.018746229000000114
0.81883753,0.8019210370000001,0.016916492999999977
0.690152798,0.578847949,0.11130484899999993
0.57786101,0.5424375220000001,0.03542348799999995
0.48942387,0.7449744709999999,-0.25555060099999993
0.7769616340000001,0.842679898,-0.06571826399999992
0.8856865859999999,0.8616442129999999,0.024042373000000006
0.834798735,0.675248141,0.15955059400000005
0.790654924,0.737330237,0.05332468700000004
0.7344917959999999,0.673916973,0.060574822999999944
0.6100501970000001,0.679110239,-0.06906004199999993
0.701664292,0.75456624,-0.05290194800000003
0.639585548,0.756634595,-0.11704904699999996
0.926723932,0.936785097,-0.010061164999999983
0.42511997100000004,0.458626229,-0.033506257999999955
0.8349509070000001,0.7925807229999999,0.042370184000000144
0.819106635,0.7715228940000001,0.04758374099999996
0.672045155,0.6012948779999999,0.07075027700000003
0.541067104,0.7001873670000001,-0.15912026300000004
0.42680319899999997,0.43754229899999997,-0.010739100000000001
0.8315465040000001,0.8744051070000001,-0.042858602999999995
0.628953895,0.683969785,-0.05501589000000007
0.7025319959999999,0.7780108179999999,-0.075478822
0.825791212,0.853073973,-0.027282760999999933
0.7721202840000001,0.7490449370000001,0.023075347000000024
0.645586229,0.70913335,-0.06354712100000004
0.796356538,0.6273428879999999,0.16901365000000002
0.844300306,0.81514338,0.029156925999999972
0.846882413,0.833403555,0.013478858000000038
0.596056185,0.574986557,0.021069628000000007
0.7844068540000001,0.7387548159999999,0.04565203800000017
0.705017201,0.637790001,0.06722719999999993
0.646320783,0.628322164,0.017998618999999993
0.914108873,0.8825606090000001,0.03154826399999988
0.75270636,0.715597899,0.03710846099999998
0.768342472,0.739596864,0.028745608000000034
0.726993332,0.7677931309999999,-0.04079979899999986
0.660337646,0.6750250959999999,-0.014687449999999935
0.8721804459999999,0.882656421,-0.010475975000000082
0.7903002179999999,0.842921741,-0.052621523
0.6311254629999999,0.7462414279999999,-0.11511596499999999
0.738044217,0.707461453,0.03058276400000004
0.6156384429999999,0.556103341,0.059535101999999895
0.8686918929999999,0.8425727059999999,0.026119187000000044
0.5573335189999999,0.594626323,-0.03729280400000001
0.6212168889999999,0.670383229,-0.049166340000000086
0.790353344,0.820158644,-0.029805300000000035
0.809629545,0.773251493,0.036378051999999994
0.797959711,0.783976595,0.013983115999999907
0.820977018,0.840677937,-0.01970091900000004
0.9399406090000001,0.899388428,0.04055218100000013
0.650007095,0.41709328100000004,0.23291381399999994
0.8430466409999999,0.8468445729999999,-0.003797932000000004
0.7546075809999999,0.726526418,0.028081162999999965
0.80755543,0.8161798490000001,-0.008624419000000105
0.7052352120000001,0.699378334,0.00585687800000001
0.865120839,0.779606232,0.08551460700000002
0.7020435629999999,0.6680830320000001,0.03396053099999985
0.7712751290000001,0.74970875,0.021566379000000024
0.7439593640000001,0.659457297,0.08450206700000007
0.59885404,0.611196717,-0.012342677000000024
0.710332387,0.7232796290000001,-0.012947242000000081
0.539556564,0.458030363,0.08152620099999996
0.8450666790000001,0.915576024,-0.07050934499999995
0.56252149,0.46404423899999997,0.09847725099999999
0.9469415379999999,0.949597529,-0.002655991000000135
0.784560393,0.761505606,0.023054787000000077
0.44449746700000003,0.602571172,-0.15807370499999995
0.777322562,0.84773362,-0.07041105799999992
0.756582937,0.785190924,-0.028607987
0.752454747,0.672045149,0.08040959800000003
0.8979707240000001,0.914660072,-0.01668934799999988
0.6973798459999999,0.852217443,-0.1548375970000001
0.910506226,0.883120233,0.027385992999999997
0.789201725,0.81220253,-0.023000805000000013
0.662585049,0.600116883,0.06246816600000005
0.23245205600000002,0.603563594,-0.371111538
0.651459029,0.67136863,-0.019909601000000055
0.7729456579999999,0.6889863940000001,0.08395926399999987
0.717304279,0.696016772,0.02128750700000004
0.469433134,0.5994797510000001,-0.1300466170000001
0.669020963,0.694235698,-0.025214734999999933
0.8197413590000001,0.799966174,0.019775185000000084
0.859253295,0.850408686,0.008844609000000059
0.6718193170000001,0.703076646,-0.03125732899999989
0.630368123,0.700992598,-0.07062447500000002
0.690952855,0.7314935459999999,-0.04054069099999991
0.71559336,0.588749005,0.1268443549999999
0.882793149,0.813338654,0.069454495
0.690899294,0.565822461,0.12507683300000005
0.758266465,0.76234543,-0.0040789650000000455
0.609925917,0.770137293,-0.16021137600000002
0.746250875,0.762460391,-0.01620951599999998
0.7972328209999999,0.757223848,0.04000897299999995
0.5085215439999999,0.653626835,-0.14510529100000003
0.9000194890000001,0.91155471,-0.011535220999999929
0.518765146,0.524880142,-0.006114995999999984
0.829968617,0.8353191809999999,-0.005350563999999891
0.544003039,0.6526925920000001,-0.10868955300000005
0.93653124,0.8526849479999999,0.08384629200000004
0.641270775,0.712887688,-0.07161691300000006
0.480655269,0.604895938,-0.12424066899999997
0.429611685,0.343608665,0.08600302000000004
0.6586964989999999,0.56137852,0.09731797899999994
0.637478474,0.7108049940000001,-0.07332652000000006
0.7221950359999999,0.7060929290000001,0.01610210699999981
0.628549105,0.758686207,-0.13013710199999995
0.691395595,0.6961672190000001,-0.004771624000000085
0.8437670859999999,0.7137928179999999,0.129974268
0.6258944129999999,0.686299957,-0.06040554400000009
0.705511379,0.697520203,0.0079911760000001
0.766706557,0.81325258,-0.04654602299999999
0.497946696,0.475924268,0.02202242800000004
0.766744047,0.7614646290000001,0.005279417999999869
0.48796279,0.46178284799999997,0.02617994200000001
0.622570589,0.638947378,-0.016376789000000058
0.757386652,0.7709417270000001,-0.013555075000000083
0.7492998340000001,0.838406095,-0.08910626099999985
0.638904158,0.549283974,0.08962018400000005
0.6590534889999999,0.571813047,0.08724044199999992
0.683976802,0.7400543209999999,-0.05607751899999991
0.780761198,0.770599218,0.010161980000000015
0.593642527,0.637769421,-0.04412689400000003
0.809689643,0.8388589879999999,-0.029169344999999902
0.8950677859999999,0.86399984,0.031067945999999957
0.753099851,0.689256202,0.06384364899999995
0.6905524009999999,0.694482155,-0.003929754000000063
0.5181005089999999,0.41810725200000004,0.09999325699999989
0.457409135,0.533828943,-0.07641980799999992
0.9004950359999999,0.8174898070000001,0.08300522899999985
0.8361723659999999,0.8122219409999999,0.023950424999999997
0.68249294,0.778926583,-0.0964336429999999
0.332015607,0.75574213,-0.423726523
0.512061113,0.44999859200000003,0.06206252099999998
0.766902395,0.7517100109999999,0.015192384000000114
0.897713035,0.843153719,0.05455931599999997
0.37806520200000004,0.375902622,0.002162580000000025
0.775070652,0.744668584,0.030402068000000004
0.809421122,0.783388064,0.026033057999999998
0.594885404,0.615781525,-0.020896121000000045
0.619574277,0.593225339,0.026348938000000044
0.556820812,0.537656508,0.01916430400000002
0.625423096,0.637943292,-0.012520195999999983
0.678002608,0.7320367240000001,-0.054034116000000076
0.783819657,0.855564423,-0.07174476600000002
0.701547487,0.6259409,0.075606587
0.674935408,0.70204253,-0.027107122000000095
0.785613239,0.7776351859999999,0.007978053000000096
0.855335484,0.8574079259999999,-0.0020724419999998966
0.560968812,0.624423737,-0.06345492499999994
0.8038958690000001,0.7683248490000001,0.03557102000000001
0.729419017,0.6727592520000001,0.05665976499999992
0.707479023,0.6975372009999999,0.009941822000000045
0.7534489529999999,0.6984943570000001,0.054954595999999856
0.7899903859999999,0.758374242,0.0316161439999999
0.6458238470000001,0.61397257,0.03185127700000001
0.642926491,0.7166394859999999,-0.07371299499999995
0.7264092440000001,0.7928516290000001,-0.06644238499999999
0.654251148,0.726806155,-0.07255500700000006
0.77826285,0.802921859,-0.024659009000000065
0.5741003689999999,0.424533669,0.14956669999999994
0.869993215,0.866316643,0.0036765720000000446
0.9121502020000001,0.869500941,0.042649261000000105
0.732964555,0.8111812509999999,-0.07821669599999992
0.7531635179999999,0.7077512229999999,0.04541229499999999
0.7474281840000001,0.6680000220000001,0.07942816200000002
0.896178998,0.8697870940000001,0.02639190399999991
0.555782703,0.61379033,-0.05800762700000006
0.7159982090000001,0.804429208,-0.08843099899999984
0.789180843,0.610942338,0.17823850500000005
0.854872282,0.8221439509999999,0.032728331000000055
0.678804732,0.70303485,-0.024230117999999967
0.8318515470000001,0.863885602,-0.032034054999999895
0.568631796,0.573246881,-0.004615084999999963
0.63513415,0.663522585,-0.0283884350000001
0.8661071090000001,0.78980603,0.07630107900000005
0.668244441,0.5363170939999999,0.13192734700000008
0.916909145,0.788039188,0.12886995700000003
0.6832534720000001,0.575286605,0.10796686700000013
0.588591788,0.463406496,0.125185292
0.6997153429999999,0.705895002,-0.0061796590000000595
0.723009975,0.741625278,-0.018615303000000027
0.726298225,0.658932083,0.06736614200000002
0.742953214,0.77456089,-0.03160767599999992
0.559968151,0.606182762,-0.04621461100000002
0.712667926,0.688020458,0.02464746799999995
0.890762297,0.868018376,0.022743921
0.7075345829999999,0.745619922,-0.03808533900000011
0.51151751,0.558522903,-0.04700539299999995
0.648607185,0.576506078,0.07210110700000005
0.23068827100000003,0.291657767,-0.060969495999999984
0.712604963,0.585176142,0.12742882099999997
0.752443814,0.7185591659999999,0.03388464800000013
0.705672121,0.644432244,0.061239877
0.7500194929999999,0.770198809,-0.020179316000000114
0.8151803740000001,0.811253252,0.003927122000000116
0.8939312340000001,0.890694291,0.003236943000000103
0.6605184070000001,0.7658361579999999,-0.10531775099999985
0.5163011710000001,0.582368373,-0.06606720199999994
0.552157442,0.67087449,-0.11871704799999994
0.8145668429999999,0.701791915,0.11277492799999989
0.843343625,0.797571943,0.045771682000000036
0.8884650040000001,0.847423406,0.04104159800000007
0.566692656,0.617240189,-0.05054753300000003
0.751759517,0.8260402040000001,-0.07428068700000012
0.5394115270000001,0.5776774060000001,-0.038265879
0.818537418,0.7900463529999999,0.028491065000000093
0.757971891,0.776756518,-0.018784627000000054
0.662740042,0.731812633,-0.06907259099999996
0.47423542,0.619765969,-0.145530549
0.550993258,0.591383019,-0.040389761000000024
0.8350060709999999,0.8591978659999999,-0.024191795000000016
0.583898907,0.664294784,-0.08039587699999995
0.781362695,0.7686502829999999,0.012712412000000062
0.614604584,0.501756062,0.11284852199999995
0.819631705,0.650618892,0.16901281300000004
0.831175421,0.79892606,0.032249360999999976
0.522856725,0.6313618320000001,-0.10850510700000005
0.842767525,0.804876182,0.037891342999999966
0.66156033,0.774894277,-0.11333394699999999
0.63443557,0.690659632,-0.056224062000000075
0.641094911,0.6700623960000001,-0.028967485000000015
0.711210984,0.617759494,0.09345149000000008
0.814637865,0.830984132,-0.01634626699999997
0.7552914190000001,0.778589104,-0.023297684999999957
0.7990292840000001,0.761631814,0.037397470000000044
0.538246687,0.52418649,0.014060197000000052
0.614056698,0.818686334,-0.20462963600000006
0.6993691879999999,0.765303107,-0.06593391900000012
0.92142441,0.8979786190000001,0.023445790999999883
0.479890489,0.563971308,-0.08408081899999997
0.298097603,0.47943973799999995,-0.18134213499999996
0.76693358,0.828652939,-0.06171935900000003
0.745837667,0.673508404,0.07232926299999998
0.646934105,0.6039276179999999,0.04300648700000009
0.8974304590000001,0.879340625,0.018089834000000082
0.732256547,0.667966965,0.06428958200000001
0.551564039,0.485729498,0.06583454099999997
0.7304432829999999,0.839950381,-0.10950709800000002
0.636323118,0.653283845,-0.016960727000000064
0.8790889059999999,0.833295515,0.045793390999999906
0.606801925,0.658672749,-0.05187082399999998
0.535580634,0.592450931,-0.056870297000000014
0.476264332,0.62625741,-0.149993078
0.764176165,0.7160960359999999,0.04808012900000003
0.78242157,0.790687095,-0.008265524999999996
0.8471145459999999,0.805158895,0.04195565099999987
0.5365178039999999,0.46479341799999996,0.07172438599999997
0.649113837,0.58894459,0.06016924700000004
0.187599367,0.565964012,-0.378364645
0.49446684799999996,0.580782939,-0.08631609100000004
0.8061026020000001,0.729080273,0.07702232900000006
0.913816387,0.924317871,-0.01050148399999995
0.816360235,0.870924292,-0.054564057
0.692709525,0.70561755,-0.01290802499999999
0.732480824,0.624121749,0.10835907500000008
0.619096605,0.655668169,-0.036571564000000056
0.6628928789999999,0.726992468,-0.06409958900000001
0.256064242,0.6642951770000001,-0.4082309350000001
0.8279763720000001,0.659995469,0.16798090300000013
0.9436046920000001,0.850873622,0.09273107000000003
0.633685704,0.46837332,0.16531238400000003
0.408667874,0.5730598020000001,-0.16439192800000008
0.74745567,0.76121804,-0.013762370000000024
0.703538643,0.845339418,-0.141800775
0.524051785,0.596293945,-0.07224215999999994
0.612347879,0.495628489,0.11671938999999998
0.820231277,0.7919000190000001,0.028331257999999915
0.625712633,0.630977263,-0.005264629999999992
0.8043885059999999,0.84412558,-0.03973707400000015
0.6723700570000001,0.6578417520000001,0.014528305000000019
0.6146196660000001,0.5420001870000001,0.07261947899999999
0.662328879,0.73432554,-0.07199666100000002
0.7792397679999999,0.7879220709999999,-0.008682302999999947
0.359534426,0.615143262,-0.255608836
0.623463819,0.604292084,0.019171735000000023
0.7785755390000001,0.76783142,0.010744119000000052
0.53719266,0.5071509710000001,0.030041688999999927
0.8012443359999999,0.8931734579999999,-0.09192912200000003
0.612667675,0.535223095,0.07744457999999999
0.8726766490000001,0.8573902040000001,0.015286444999999982
0.8427560279999999,0.87254885,-0.029792822000000108
0.88732399,0.923675018,-0.03635102800000001
0.585772479,0.530735873,0.05503660599999993
0.763971993,0.709186463,0.05478552999999997
0.466768884,0.552692699,-0.08592381499999996
0.28603690800000003,0.654389181,-0.36835227299999995
0.22808528,0.616233767,-0.388148487
0.45087566700000004,0.504567203,-0.053691535999999984
0.8001966509999999,0.674445683,0.12575096799999996
0.808051489,0.747212773,0.060838716000000015
0.314267978,0.7020892259999999,-0.3878212479999999
0.8311286609999999,0.9112035909999999,-0.08007492999999999
0.9102439809999999,0.9181469659999999,-0.007902984999999974
0.78768306,0.809287878,-0.021604818000000026
0.446682989,0.681232066,-0.234549077
0.643225006,0.668047162,-0.02482215600000004
0.7394612070000001,0.699424788,0.0400364190000001
0.673541029,0.528403052,0.14513797699999997
0.715224065,0.72542031,-0.010196244999999937
0.747455322,0.626724237,0.12073108499999996
0.634128515,0.532148689,0.101979826
0.781935328,0.671131452,0.11080387599999997
0.671481135,0.47821279200000005,0.1932683429999999
0.670752315,0.514669335,0.15608297999999998
0.7143335409999999,0.649603637,0.0647299039999999
0.822000892,0.747500242,0.07450065000000006
0.635673619,0.527977204,0.10769641499999993
0.8796367620000001,0.868780618,0.010856144000000123
0.370861657,0.651658837,-0.28079718000000004
0.7444725870000001,0.663041282,0.08143130500000006
0.83370741,0.830490457,0.0032169530000000224
0.7585277309999999,0.820510617,-0.061982886000000126
0.524742214,0.566826379,-0.04208416500000001
0.8639051090000001,0.872965013,-0.009059903999999896
0.733173042,0.792390678,-0.05921763599999996
0.654920536,0.595963229,0.058957307000000014
0.7916793759999999,0.820891967,-0.029212591000000065
0.75635487,0.655921407,0.100433463
0.847275552,0.79859236,0.04868319200000004
0.893907818,0.912119018,-0.018211199999999983
0.842523648,0.746636454,0.09588719400000001
0.711592917,0.661689993,0.04990292400000007
0.695129243,0.717645262,-0.022516018999999998
0.604583538,0.713472364,-0.10888882600000005
0.45678084,0.43032248,0.026458360000000014
0.623326741,0.598826446,0.02450029499999995
0.8726501090000001,0.836321662,0.03632844700000004
0.500166776,0.5340742620000001,-0.03390748600000004
0.8372105,0.7254985820000001,0.11171191799999991
0.686046116,0.678907388,0.007138728000000039
0.7627230559999999,0.749163922,0.013559133999999862
0.576194371,0.541398504,0.034795867000000036
0.817299685,0.782956564,0.03434312100000003
0.613079995,0.501610508,0.11146948700000003
0.687476442,0.593273802,0.09420264
0.768965215,0.622161947,0.146803268
0.9184533220000001,0.8371569440000001,0.081296378
0.669858174,0.7867723879999999,-0.1169142139999999
